"Team","TotalTackles","DribbledPast","TotalAttemptedTackles","Interceptions","Fouled","Fouls","Yellow","Red","CaughtOffside","Clearances","ShotsBlocked","CrossesBlocked","PassesBlocked","TotalSaves","SixYardBoxSaves","PenaltyAreaSaves","OutOfBoxSaves","TotalShots","OutOfBoxShots","SixYardBoxShots","PenaltyAreaShots","TotalGoals","SixYardBoxGoals","PenaltyAreaGoals","OutOfBoxGoals","Unsuccessful","Successful","TotalDribbles","UnsuccessfulTouches","Dispossessed","TotalAerial","AerialWon","AerialLost","TotalPasses","AccLB","InAccLB","AccSP","InAccSP","TotalKeyPasses","LongKeyPasses","ShortKeyPasses","CrossAss","CornerAss","ThroughballAss","FreekickAss","OtherAss","TotalAss","OpenPlayShots","CounterShots","SetPieceShots","PenaltyShots","CrossKP","CornerKP","ThroughballKP","FreekickKP","ThrowinKP","OtherKP","League","percOppThird","percMiddleThird","attackMiddle","percOutofBoxShots","percSixYardBoxShots","percPenaltyAreaShots","percOutofBoxGoals","percSixYardBoxGoals","percPenaltyAreaGoals","percAerial","TotalLB","accLB","percLB","TotalSP","accSP","percLongKeyPasses","percCrossAss","percCornerAss","percThroughballAss","percFreekickAss","percSetPieceAss","percDribbles","percSetPieceShots","percCounterShots","percLongKP","percTBKP","percCrossKP","percSetPieceKP","team"
"Manchester City",14,11,25,9.4,7.7,10.1,1.8,0.1,1.8,12.9,1.6,0.9,6.2,2.1,0.2,1.3,0.6,19.4,6.3,2,11.1,2.4,0.5,1.5,0.4,6.3,12.8,19.1,12.1,9.2,28,14,14,675.9,32,18.3,568.7,57,15.1,1.2,13.9,0.5,0.1,0.3,0,1,1.8,14.1,0.7,4.3,0.3,3,1.1,0.9,0.1,NA,11,"PL",36,43,27,0.324742268041237,0.103092783505155,0.572164948453608,0.166666666666667,0.208333333333333,0.625,0.5,50.3,0.636182902584493,0.0744192927947921,625.7,0.908902029726706,0.0794701986754967,0.277777777777778,0.0555555555555556,0.166666666666667,0,0.0555555555555556,0.670157068062827,0.233695652173913,0.049645390070922,0.0794701986754967,0.0604026845637584,0.201342281879195,0.0794701986754967,"Manchester City"
"Liverpool",14.9,10.4,25.3,9.2,7.6,8.3,0.9,0,1.4,17.1,1.9,1.6,6.2,2.1,0.1,1,1.1,15.6,4.5,1.3,9.8,2.3,0.4,1.6,0.2,7.3,10.3,17.7,15.6,7.9,34,17.9,16.1,622.2,31.8,32.4,490.2,67.9,12.2,2,10.2,0.5,0.2,0.2,0.1,1,1.8,11.1,0.8,3.6,0.2,2.9,1,0.6,0.3,NA,8.6,"PL",33,44,26,0.288461538461538,0.0833333333333333,0.628205128205128,0.0869565217391304,0.173913043478261,0.695652173913044,0.526470588235294,64.2,0.495327102803738,0.103182256509161,558.1,0.878337215552768,0.163934426229508,0.277777777777778,0.111111111111111,0.111111111111111,0.0555555555555556,0.166666666666667,0.581920903954802,0.244897959183673,0.0720720720720721,0.163934426229508,0.0495867768595041,0.239669421487603,0.10655737704918,"Liverpool"
"Leicester",19.6,11.7,31.3,11.4,11.7,10.6,1.1,0,1.8,19,2.6,2.2,8.7,2.8,0.2,1.8,0.8,14,5.1,1.2,7.7,2,0.4,1.3,0.3,8.9,10.7,19.6,15.6,8.6,33.8,16.9,16.9,516.3,26.2,27.4,399.5,63.2,10.5,1.9,8.7,0.2,0.1,0.3,0,0.9,1.4,9.2,0.9,3.7,0.2,2.4,0.9,0.6,0.6,NA,7.2,"PL",28,44,23,0.364285714285714,0.0857142857142857,0.55,0.15,0.2,0.65,0.5,53.6,0.488805970149254,0.10381561107883,462.7,0.863410417116922,0.180952380952381,0.142857142857143,0.0714285714285714,0.214285714285714,0,0.0714285714285714,0.545918367346939,0.286821705426357,0.0978260869565217,0.180952380952381,0.0588235294117647,0.235294117647059,0.142857142857143,"Leicester"
"Chelsea",17.6,9.9,27.4,12.5,10.3,10,1.8,0,1.8,15.8,2.4,1.5,7.2,1.7,0,1.1,0.6,16.6,5.8,1.2,9.6,1.8,0.3,1.2,0.2,7.1,13,20.1,16.1,11.3,37.2,18.7,18.5,602,28,26.6,482.2,65.2,12.4,2,10.5,0.4,0,0.1,0.1,0.7,1.2,11.9,0.4,4.1,0.1,3.2,1.1,0.5,0.4,NA,8.5,"PL",30,45,26,0.349397590361446,0.072289156626506,0.578313253012048,0.111111111111111,0.166666666666667,0.666666666666667,0.502688172043011,54.6,0.512820512820513,0.0906976744186047,547.4,0.880891487029594,0.161290322580645,0.333333333333333,0,0.0833333333333333,0.0833333333333333,0.0833333333333333,0.646766169154229,0.25625,0.0336134453781513,0.161290322580645,0.0409836065573771,0.262295081967213,0.120967741935484,"Chelsea"
"Wolverhampton Wanderers",17.9,11.4,29.3,11.9,9.3,10.9,1.6,0.1,1.4,17.8,3,1.4,6.7,2.7,0.2,1.7,0.8,12.8,4.4,1.2,7.1,1.4,0.4,0.7,0.2,8.2,14,22.1,14.6,8.9,38.8,20.3,18.4,430.8,34.6,30.9,304.2,61.1,9.3,1.3,8,0.2,0,0,0,0.7,0.9,8.4,0.9,3.4,0.1,2.7,0.8,0.2,0.4,NA,6.2,"PL",26,47,21,0.34375,0.09375,0.5546875,0.142857142857143,0.285714285714286,0.5,0.52319587628866,65.5,0.52824427480916,0.152042711234912,365.3,0.832740213523132,0.139784946236559,0.222222222222222,0,0,0,0,0.633484162895928,0.288135593220339,0.107142857142857,0.139784946236559,0.021978021978022,0.296703296703297,0.129032258064516,"Wolverhampton Wanderers"
"Manchester United",15.8,10.4,26.2,9.8,11.5,11,1.9,0,1.3,17.6,2.7,2.3,6.8,2.6,0.1,1.5,1,14.8,6.9,0.9,6.9,1.5,0.2,1,0.2,8.1,11.7,19.8,15.1,11.1,30.4,15.5,14.9,503,22.9,25.7,391.7,62.7,10.9,1.7,9.2,0.3,0,0.1,0,0.6,1,10.4,0.7,3.3,0.3,2.1,0.7,0.7,0.3,NA,8,"PL",30,43,23,0.466216216216216,0.0608108108108108,0.466216216216216,0.133333333333333,0.133333333333333,0.666666666666667,0.509868421052632,48.6,0.47119341563786,0.0966202783300199,454.4,0.862015845070423,0.155963302752294,0.3,0,0.1,0,0,0.590909090909091,0.240875912408759,0.0673076923076923,0.155963302752294,0.0648148148148148,0.194444444444444,0.091743119266055,"Manchester United"
"Tottenham",17.8,11.7,29.4,9.9,11.1,10.2,2.2,0.1,1.8,22.1,4.1,1.8,7.9,3.7,0.2,2,1.4,12.1,4.7,0.8,6.6,1.6,0.3,1,0.2,8.2,12.5,20.7,15.4,12.3,34.8,17.2,17.6,497.4,21.6,32.2,381.9,61.7,9.4,1.1,8.4,0.2,0.1,0,0,0.8,1,8.9,0.7,2.3,0.1,1.9,0.6,0.4,0.2,NA,7,"PL",26,46,29,0.388429752066116,0.0661157024793388,0.545454545454545,0.125,0.1875,0.625,0.494252873563218,53.8,0.401486988847584,0.108162444712505,443.6,0.860910730387737,0.117021276595745,0.2,0.1,0,0,0.1,0.603864734299517,0.205357142857143,0.0786516853932584,0.117021276595745,0.043010752688172,0.204301075268817,0.0851063829787234,"Tottenham"
"Sheffield United",16.8,10.3,27.1,11.5,7.4,10.9,1.8,0,2.2,23.9,2.9,1.6,6,2.5,0.2,1.4,0.9,10.2,2.7,1,6.5,1.1,0.2,0.8,0,5.1,9.6,14.7,14.4,8.2,48.8,25,23.8,395.5,29.9,44.9,263.5,57.2,7.6,1.8,5.8,0.2,0,0.1,0,0.4,0.6,6.5,0.7,2.9,0,2.6,0.8,0.3,0.3,NA,4.6,"PL",31,43,19,0.264705882352941,0.0980392156862745,0.637254901960784,0,0.181818181818182,0.727272727272727,0.512295081967213,74.8,0.399732620320856,0.189127686472819,320.7,0.821640162145307,0.236842105263158,0.333333333333333,0,0.166666666666667,0,0,0.653061224489796,0.308510638297872,0.107692307692308,0.236842105263158,0.04,0.346666666666667,0.144736842105263,"Sheffield United"
"Crystal Palace",17.7,10.2,28,11.7,12.5,10.9,1.7,0,1.5,22.3,3.8,2.3,6.4,3.4,0.5,1.8,1.2,9.9,3.3,0.9,5.7,0.9,0.1,0.6,0.1,7.3,11.6,19,15.9,12.4,43.1,21.6,21.6,381.3,23.1,34.9,266.3,57,7.1,1.2,5.9,0.1,0,0,0,0.5,0.6,6.3,0.4,3.1,0.1,1.7,0.8,0.2,0.4,NA,5.1,"PL",27,43,23,0.333333333333333,0.0909090909090909,0.575757575757576,0.111111111111111,0.111111111111111,0.666666666666667,0.501160092807425,58,0.398275862068966,0.15211119853134,323.3,0.823693164243737,0.169014084507042,0.166666666666667,0,0,0,0,0.610526315789474,0.329787234042553,0.0634920634920635,0.169014084507042,0.0285714285714286,0.242857142857143,0.169014084507042,"Crystal Palace"
"Arsenal",16.2,10,26.2,9.2,11.6,11,2.3,0.1,1.9,18.5,3.8,1.6,6.6,3.7,0.3,1.9,1.6,11.1,3.5,0.9,6.8,1.4,0.3,1,0.1,8.3,11.8,20,15.1,9.8,29.7,13.4,16.3,507.1,27.1,26.6,398,55.4,8.6,1,7.6,0.3,0.1,0.1,0,0.6,1,7.6,0.6,2.9,0.1,2.3,1.1,0.4,0.2,NA,5.7,"PL",26,42,24,0.315315315315315,0.0810810810810811,0.612612612612613,0.0714285714285714,0.214285714285714,0.714285714285714,0.451178451178451,53.7,0.504655493482309,0.105896272924472,453.4,0.877812086457874,0.116279069767442,0.3,0.1,0.1,0,0.1,0.59,0.276190476190476,0.0789473684210526,0.116279069767442,0.0476190476190476,0.273809523809524,0.151162790697674,"Arsenal"
"Burnley",14.7,8.9,23.6,10.3,9.8,11.1,2,0,2.4,20.7,4.5,1.9,7.1,3,0.2,1.8,1.1,10.4,3.4,1.7,5.2,1.2,0.4,0.5,0.2,5.8,6.9,12.7,14.2,7.9,50,25.6,24.4,325.7,23.8,46.6,199,56.3,7.4,2.1,5.2,0.3,0.1,0,0,0.4,0.8,6.6,0.1,3.6,0.1,2.8,0.8,0.2,0.4,NA,4.2,"PL",29,45,27,0.326923076923077,0.163461538461538,0.5,0.166666666666667,0.333333333333333,0.416666666666667,0.512,70.4,0.338068181818182,0.216149831132944,255.3,0.779475127301214,0.283783783783784,0.375,0.125,0,0,0.125,0.543307086614173,0.352941176470588,0.0151515151515152,0.283783783783784,0.0277777777777778,0.388888888888889,0.162162162162162,"Burnley"
"West Ham",18.9,12.7,31.5,11.4,9,10.3,1.8,0,2,19.8,3.3,1.4,7,3.5,0.2,2.1,1.2,10.4,3.1,1,6.3,1.2,0.2,0.9,0.1,6.8,11,17.8,13.6,8.7,44.7,22.5,22.2,400.3,26.8,35.8,277,60.7,8.2,1.7,6.5,0.3,0.1,0.1,0.1,0.5,0.9,6.6,0.6,3,0.1,3,1.1,0.3,0.5,NA,4.8,"PL",27,46,23,0.298076923076923,0.0961538461538461,0.605769230769231,0.0833333333333333,0.166666666666667,0.75,0.503355704697987,62.6,0.428115015974441,0.156382712965276,337.7,0.820254663902872,0.207317073170732,0.333333333333333,0.111111111111111,0.111111111111111,0.111111111111111,0.222222222222222,0.617977528089888,0.3125,0.0909090909090909,0.207317073170732,0.037037037037037,0.37037037037037,0.195121951219512,"West Ham"
"Brighton",17.7,10.9,28.6,11.1,8.4,10,1.6,0.1,1.8,17.3,3.1,1.4,7.6,3.2,0.3,2.1,0.7,13,5.1,1.3,6.6,1.1,0.2,0.6,0.1,7,9.4,16.3,17.1,10.9,35.5,19.5,16,513.9,30.2,29.3,388.7,65.7,9.7,1.9,7.8,0.3,0,0,0.1,0.3,0.7,9.2,0.3,3.4,0,2.4,1,0.2,0.5,NA,6.8,"PL",28,44,23,0.392307692307692,0.1,0.507692307692308,0.0909090909090909,0.181818181818182,0.545454545454545,0.549295774647887,59.5,0.507563025210084,0.115781280404748,454.4,0.855413732394366,0.195876288659794,0.428571428571429,0,0,0.142857142857143,0.142857142857143,0.576687116564417,0.26984126984127,0.0326086956521739,0.195876288659794,0.0212765957446809,0.25531914893617,0.154639175257732,"Brighton"
"Everton",18.3,10.3,28.6,10.8,10.2,11.9,1.8,0.1,1.7,17.8,2.3,1.5,6.6,2.6,0.2,1.5,0.9,13.3,4.2,1.4,7.7,1.3,0.4,0.7,0,6.6,9.9,16.5,16.3,9.1,46.1,22.9,23.2,412,30.3,33,288.5,60.1,9.6,1.6,8,0.4,0,0.1,0,0.4,0.9,7.8,0.5,5.1,0,3.1,1.3,0.5,0.7,NA,5.6,"PL",30,43,23,0.315789473684211,0.105263157894737,0.578947368421053,0,0.307692307692308,0.538461538461538,0.496746203904555,63.3,0.478672985781991,0.153640776699029,348.6,0.827596098680436,0.166666666666667,0.444444444444444,0,0.111111111111111,0,0,0.6,0.395348837209302,0.0641025641025641,0.166666666666667,0.0543478260869565,0.33695652173913,0.208333333333333,"Everton"
"Newcastle United",16.1,9.7,25.8,10.9,10.8,9.5,1.8,0.1,2.1,26.4,3.9,2,6.9,4,0.5,2.3,1.2,10.3,4.4,0.4,5.4,0.9,0.2,0.6,0.1,8.1,10.7,18.8,16.4,7.5,41.1,20.4,20.7,328.9,24.9,36,219.1,49,7.6,1.8,5.8,0.1,0,0,0,0.4,0.6,6.7,0.7,2.9,0,2,0.9,0.2,0.3,NA,5,"PL",22,45,24,0.427184466019418,0.0388349514563107,0.524271844660194,0.111111111111111,0.222222222222222,0.666666666666667,0.496350364963504,60.9,0.408866995073892,0.185162663423533,268.1,0.817232375979112,0.236842105263158,0.166666666666667,0,0,0,0,0.569148936170213,0.302083333333333,0.104477611940299,0.236842105263158,0.0277777777777778,0.277777777777778,0.157894736842105,"Newcastle United"
"Aston Villa",15.3,10.2,25.4,10.9,13.1,11.7,1.9,0,1.8,23.3,5.6,2.7,7.2,3.5,0.3,2,1.2,12.3,4.5,0.8,6.9,1.2,0.3,0.7,0.1,6.5,10.1,16.5,15.3,8.9,38.3,18.8,19.5,379.3,26.1,34.6,268,50.6,9.9,1.8,8.1,0.4,0,0.1,0.1,0.5,1,8.5,0.4,3.2,0.1,3.1,0.8,0.2,0.5,NA,6.4,"PL",26,41,25,0.365853658536585,0.0650406504065041,0.560975609756098,0.0833333333333333,0.25,0.583333333333333,0.490861618798956,60.7,0.42998352553542,0.16003163722647,318.6,0.841180163214061,0.181818181818182,0.4,0,0.1,0.1,0.1,0.612121212121212,0.273504273504274,0.0470588235294118,0.181818181818182,0.0206185567010309,0.319587628865979,0.131313131313131,"Aston Villa"
"Bournemouth",13.1,9.6,22.7,13.2,10.2,9.3,2,0.1,1.6,27.6,4.7,2.7,7.1,3.5,0.4,1.7,1.4,10.2,3.7,0.8,5.8,1,0.3,0.6,0.1,6.9,8.5,15.3,15.4,10,42.8,20.9,21.9,397.8,21.7,34.4,280.1,61.6,7.4,1.4,6,0.1,0.1,0.1,0,0.4,0.6,5.8,0.4,4,0,2,0.9,0.3,0.2,NA,4.9,"PL",26,43,23,0.362745098039216,0.0784313725490196,0.568627450980392,0.1,0.3,0.6,0.488317757009346,56.1,0.38680926916221,0.141025641025641,341.7,0.819724904887328,0.189189189189189,0.166666666666667,0.166666666666667,0.166666666666667,0,0.166666666666667,0.555555555555556,0.408163265306122,0.0689655172413793,0.189189189189189,0.0416666666666667,0.277777777777778,0.148648648648649,"Bournemouth"
"Southampton",19.1,13.3,32.4,10.6,9.6,12.2,1.4,0.1,1.6,21.5,3,1.5,10.3,3,0.3,1.9,0.9,12.8,5.1,1.4,6.2,1.2,0.4,0.6,0.2,6.9,11.2,18.1,18.1,10,45.6,21.6,24,394,22.9,42.7,259.4,69,8.8,1.5,7.3,0.2,0,0.1,0.1,0.4,0.7,8.2,0.4,4.1,0.1,2.6,0.8,0.2,0.6,NA,5.8,"PL",29,45,24,0.3984375,0.109375,0.484375,0.166666666666667,0.333333333333333,0.5,0.473684210526316,65.6,0.349085365853659,0.166497461928934,328.4,0.789890377588307,0.170454545454545,0.285714285714286,0,0.142857142857143,0.142857142857143,0.142857142857143,0.61878453038674,0.333333333333333,0.0487804878048781,0.170454545454545,0.0232558139534884,0.302325581395349,0.159090909090909,"Southampton"
"Watford",17.8,12.3,30.1,11.5,8.2,12.1,2.1,0.1,1.8,23.9,3.4,1.6,6.9,3.1,0.2,2,0.9,11.4,4,0.6,6.7,0.9,0.1,0.8,0,7,8.9,15.9,14.1,8.6,41.6,20.9,20.7,380.3,23.2,37.9,258.4,60.8,8.3,1.1,7.2,0.1,0,0,0,0.5,0.6,8,0.5,2.8,0.2,1.7,0.4,0.1,0.2,NA,6.4,"PL",28,45,26,0.350877192982456,0.0526315789473684,0.587719298245614,0,0.111111111111111,0.888888888888889,0.502403846153846,61.1,0.379705400981997,0.16066263476203,319.2,0.80952380952381,0.132530120481928,0.166666666666667,0,0,0,0,0.559748427672956,0.259259259259259,0.0625,0.132530120481928,0.0121951219512195,0.207317073170732,0.072289156626506,"Watford"
"Norwich",16.9,11.7,28.6,10.8,11.5,9.6,1.8,0,1.2,24.1,4.6,2.3,7.4,3.6,0.3,2,1.2,11.6,4.3,0.8,6.4,0.9,0.1,0.7,0.1,7.9,12,19.9,16.1,11.1,31.7,14.4,17.2,463.8,23.3,33.9,350.7,55.9,8.5,1.1,7.4,0.1,0,0.1,0,0.4,0.6,8.2,0.2,3.1,0.1,1.6,1,0.5,0.3,NA,6.3,"PL",23,42,22,0.370689655172414,0.0689655172413793,0.551724137931034,0.111111111111111,0.111111111111111,0.777777777777778,0.454258675078864,57.2,0.407342657342657,0.123329021129797,406.6,0.862518445646827,0.129411764705882,0.166666666666667,0,0.166666666666667,0,0,0.603015075376884,0.274336283185841,0.024390243902439,0.129411764705882,0.0595238095238095,0.19047619047619,0.152941176470588,"Norwich"
"Los Angeles FC",17.3,9.1,26.4,9.8,12.6,11.6,1.5,0,2.2,13.9,2.4,1.2,8.3,2.6,0.1,1.7,0.9,18.3,6.9,1.4,10,2.5,0.5,1.7,0.2,10.9,14.4,25.3,16.4,12.8,22.2,11.8,10.5,526.6,22.3,21.5,421.9,60.8,13.5,1.6,11.9,0.2,0.1,0.2,0.1,1.2,1.7,13,0.5,4.5,0.3,2.1,1.2,0.7,0.4,NA,10.4,"MLS",33,42,34,0.377049180327869,0.0765027322404371,0.546448087431694,0.08,0.2,0.68,0.531531531531532,43.8,0.509132420091324,0.0831750854538549,482.7,0.874041847938678,0.118518518518519,0.117647058823529,0.0588235294117647,0.117647058823529,0.0588235294117647,0.117647058823529,0.569169960474308,0.257142857142857,0.0384615384615385,0.118518518518519,0.053030303030303,0.159090909090909,0.118518518518519,"Los Angeles FC"
"LA Galaxy",16.9,10,26.9,10.6,8.5,11.3,2.1,0.1,2.5,19.1,3.8,1.4,6.6,4.2,0.1,2.4,1.7,13.8,4.1,1.1,8.7,1.7,0.4,1.2,0.1,6.2,10,16.2,14.3,8.4,30.6,17.5,13.1,449.5,30.3,26.5,342.1,50.6,10.9,2.1,8.8,0.4,0.1,0.1,0,0.9,1.3,9.9,0.4,3.3,0.2,3.3,1.2,0.3,0.1,NA,7.3,"MLS",29,43,30,0.297101449275362,0.0797101449275362,0.630434782608696,0.0588235294117647,0.235294117647059,0.705882352941177,0.571895424836601,56.8,0.533450704225352,0.126362625139043,392.7,0.871148459383753,0.192660550458716,0.307692307692308,0.0769230769230769,0.0769230769230769,0,0.0769230769230769,0.617283950617284,0.25,0.0404040404040404,0.192660550458716,0.0275229357798165,0.302752293577982,0.119266055045872,"LA Galaxy"
"Atlanta United",14.9,9.5,24.4,9.4,11.8,10.3,1.6,0.1,1.6,13.4,2.6,0.8,7.5,2.7,0.3,1.3,1,15,5.9,0.6,8.5,1.7,0.3,1.1,0.2,7.9,12.3,20.2,16,9.4,24,12.8,11.2,493.4,33.8,27.7,372.5,59.3,11.2,2.1,9.1,0.1,0,0.2,0,0.8,1.1,10.3,0.8,3.6,0.3,2.2,1.3,0.7,0.2,NA,8.1,"MLS",29,46,29,0.393333333333333,0.04,0.566666666666667,0.117647058823529,0.176470588235294,0.647058823529412,0.533333333333333,61.5,0.549593495934959,0.124645318200243,431.8,0.862667901806392,0.1875,0.0909090909090909,0,0.181818181818182,0,0,0.608910891089109,0.258992805755396,0.0776699029126214,0.1875,0.0636363636363636,0.2,0.133928571428571,"Atlanta United"
"New York City FC",17.2,10.5,27.7,10.1,12,13.7,2.3,0,2,18.9,2.6,1,7.9,2.6,0.1,1.3,1.2,15.2,6.5,0.5,8.2,1.9,0.3,1.2,0.4,6.3,9.5,15.7,16.3,10.4,30.1,15.2,15,509.6,35.9,32.6,377.9,63.2,11.2,2,9.3,0.1,0,0.1,0,1,1.3,10.9,0.6,3.4,0.3,2,1,0.3,0.3,NA,8.5,"MLS",26,44,30,0.427631578947368,0.0328947368421053,0.539473684210526,0.210526315789474,0.157894736842105,0.631578947368421,0.504983388704319,68.5,0.524087591240876,0.134419152276295,441.1,0.856721831784176,0.178571428571429,0.0769230769230769,0,0.0769230769230769,0,0,0.605095541401274,0.237762237762238,0.055045871559633,0.178571428571429,0.0277777777777778,0.185185185185185,0.116071428571429,"New York City FC"
"DC United",16.7,10.3,27,9.7,11.3,11.4,1.4,0.1,1.5,23,5.3,1.3,6.9,3.8,0.1,2,1.6,12.6,5,0.7,6.9,1.2,0.2,0.8,0.2,7.4,10.4,17.7,14.4,10,33.5,17.7,15.8,432.9,26.1,31.4,318.1,57.4,9.1,2.2,6.9,0.1,0,0.1,0.1,0.5,0.7,7.5,0.4,4.5,0.1,2.3,0.9,0.2,0.7,NA,6.3,"MLS",24,44,27,0.396825396825397,0.0555555555555556,0.547619047619048,0.166666666666667,0.166666666666667,0.666666666666667,0.528358208955224,57.5,0.453913043478261,0.132825132825133,375.5,0.847137150466045,0.241758241758242,0.142857142857143,0,0.142857142857143,0.142857142857143,0.142857142857143,0.587570621468927,0.375,0.0533333333333333,0.241758241758242,0.0227272727272727,0.261363636363636,0.175824175824176,"DC United"
"Minnesota United",17.5,9,26.5,12.7,9.4,11.5,1.6,0.1,1.5,19.4,3.6,1.4,7.2,3.8,0.2,1.9,1.7,13.7,4.9,1,7.8,1.5,0.3,1,0.2,7.1,10.4,17.5,16.4,9.8,29.6,13.6,15.9,405,26.8,29.6,294.2,54.3,10.2,2,8.2,0.2,0,0.2,0.1,0.6,1,10.4,0.3,2.8,0.2,2.4,0.8,0.4,0.3,NA,7.1,"MLS",27,44,28,0.357664233576642,0.072992700729927,0.569343065693431,0.133333333333333,0.2,0.666666666666667,0.459459459459459,56.4,0.475177304964539,0.139259259259259,348.5,0.844189383070301,0.196078431372549,0.2,0,0.2,0.1,0.1,0.594285714285714,0.212121212121212,0.0288461538461538,0.196078431372549,0.0404040404040404,0.242424242424242,0.107843137254902,"Minnesota United"
"Philadelphia Union",18.9,10.6,29.5,9.1,9.6,11.4,1.7,0.1,2.4,15.7,3.1,1.1,7.6,2.4,0.1,1.5,0.8,14,5.5,1.1,7.4,1.7,0.2,1.3,0.2,6.6,10.6,17.2,15.7,8.4,31.4,15.6,15.8,484,27.1,29.2,368.9,58.7,10.5,1.5,9,0.2,0,0.1,0,1,1.2,9.8,0.3,3.7,0.2,2,0.9,0.5,0.4,NA,7.5,"MLS",32,43,26,0.392857142857143,0.0785714285714286,0.528571428571429,0.117647058823529,0.117647058823529,0.764705882352941,0.496815286624204,56.3,0.481349911190053,0.116322314049587,427.6,0.862722170252572,0.142857142857143,0.166666666666667,0,0.0833333333333333,0,0,0.616279069767442,0.274074074074074,0.0306122448979592,0.142857142857143,0.05,0.2,0.123809523809524,"Philadelphia Union"
"San Jose Earthquakes",17.7,9.1,26.9,10.6,12.2,12.5,2.1,0.1,2.2,14.9,2.7,0.9,6.9,3.2,0.1,1.8,1.3,17.5,7.8,1.3,8.4,1.5,0.4,0.9,0.2,7.1,11.7,18.9,14.1,10.6,23.1,10.6,12.5,501.9,38.1,26.5,385,52.4,13.9,1.7,12.2,0.1,0,0.1,0,0.9,1.2,13.3,0.3,3.9,0,2.1,1.1,0.3,0.4,NA,11,"MLS",30,42,26,0.445714285714286,0.0742857142857143,0.48,0.133333333333333,0.266666666666667,0.6,0.458874458874459,64.6,0.589783281733746,0.128710898585376,437.4,0.880201188843164,0.122302158273381,0.0833333333333333,0,0.0833333333333333,0,0,0.619047619047619,0.226744186046512,0.0225563909774436,0.122302158273381,0.0223880597014925,0.156716417910448,0.107913669064748,"San Jose Earthquakes"
"Portland Timbers",16.9,10.3,27.2,10.1,9,13.5,2.2,0.2,1.6,19,3.1,1,6.4,3.6,0.2,2.2,1.2,16.5,6,0.9,9.6,1.5,0.3,0.9,0.3,6.1,8,14.1,14.3,7.7,27.7,13.8,13.9,450.9,34.8,26.9,333.5,55.7,13.2,3.1,10.2,0.3,0.1,0.1,0.1,0.6,1,11.5,0.9,4.1,0.1,3.6,1.7,0.3,0.4,NA,9.2,"MLS",30,42,31,0.363636363636364,0.0545454545454545,0.581818181818182,0.2,0.2,0.6,0.498194945848375,61.7,0.564019448946515,0.136837436238634,389.2,0.85688591983556,0.234848484848485,0.3,0.1,0.1,0.1,0.2,0.567375886524823,0.262820512820513,0.0782608695652174,0.234848484848485,0.0229007633587786,0.274809160305344,0.159090909090909,"Portland Timbers"
"FC Dallas",17.8,9.3,27.1,11,11.7,12.6,2,0,1.5,16.4,3,1.3,6.8,2.7,0.1,1.5,1.1,13.8,6.2,0.7,6.9,1.6,0.3,1,0.2,7,9.2,16.2,13.5,9.9,23,11.7,11.3,495.9,31.3,25.3,387.9,51.3,10.2,1.9,8.4,0.1,0.1,0.1,0,0.8,1,10,0.4,3.3,0.1,1.5,1.1,0.2,0.1,NA,8.1,"MLS",26,42,25,0.449275362318841,0.0507246376811594,0.5,0.125,0.1875,0.625,0.508695652173913,56.6,0.553003533568905,0.114135914498891,439.2,0.883196721311475,0.186274509803922,0.1,0.1,0.1,0,0.1,0.567901234567901,0.24812030075188,0.04,0.186274509803922,0.0204081632653061,0.153061224489796,0.117647058823529,"FC Dallas"
"Real Salt Lake",14,8.9,23,10.4,11.5,11.2,1.9,0.1,2.6,19.4,3.4,1.8,5.9,2.6,0.1,1.6,0.9,12.6,5.9,0.5,6.2,1.4,0.2,0.8,0.3,6.6,9.5,16.1,15.4,8.3,29.1,15.1,14,440.2,33.7,32.3,323,51.1,9.5,2,7.5,0.1,0,0.1,0,0.7,0.9,9.4,0.4,2.6,0.2,1.6,0.7,0.2,0.3,NA,7.3,"MLS",25,46,26,0.468253968253968,0.0396825396825397,0.492063492063492,0.214285714285714,0.142857142857143,0.571428571428572,0.518900343642612,66,0.510606060606061,0.149931849159473,374.1,0.863405506549051,0.210526315789474,0.111111111111111,0,0.111111111111111,0,0,0.590062111801242,0.216666666666667,0.0425531914893617,0.210526315789474,0.021978021978022,0.175824175824176,0.105263157894737,"Real Salt Lake"
"Chicago Fire",16.5,9.4,25.9,10.5,10.1,12,1.8,0.1,1.8,15.8,2.6,0.9,6.2,2.7,0.3,1.1,1.3,14.1,5.3,1.4,7.4,1.6,0.4,1,0.1,6.4,9,15.4,15.3,8,27.6,13.8,13.8,440.8,30.5,32.8,324.5,52.9,10.9,2.2,8.6,0.4,0.1,0,0.1,0.7,1.1,9.9,0.5,3.6,0.1,2.4,0.9,0.2,0.4,NA,8.1,"MLS",28,45,25,0.375886524822695,0.099290780141844,0.524822695035461,0.0625,0.25,0.625,0.5,63.3,0.481832543443918,0.143602540834846,377.4,0.859830418653948,0.201834862385321,0.363636363636364,0.0909090909090909,0,0.0909090909090909,0.181818181818182,0.584415584415584,0.266666666666667,0.0505050505050505,0.201834862385321,0.0186915887850467,0.224299065420561,0.119266055045872,"Chicago Fire"
"New York Red Bulls",19.9,10.9,30.8,12,12.7,11.9,1.5,0.1,2,19.6,2.8,0.9,9.1,2.7,0.1,1.6,0.9,13.1,4.5,1,7.7,1.6,0.3,1.1,0.1,7.4,7.5,14.9,16.9,10,44.6,21.7,22.9,383,17.6,41,245,79.4,9.8,1.5,8.3,0.3,0,0.1,0,0.7,1,8.7,0.4,3.9,0.1,2.3,1,0.4,0.4,NA,6.8,"MLS",32,42,24,0.343511450381679,0.0763358778625954,0.587786259541985,0.0625,0.1875,0.6875,0.486547085201794,58.6,0.300341296928328,0.153002610966057,324.4,0.755240443896424,0.153061224489796,0.3,0,0.1,0,0,0.503355704697987,0.30952380952381,0.0459770114942529,0.153061224489796,0.0421052631578947,0.242105263157895,0.142857142857143,"New York Red Bulls"
"Seattle Sounders FC",15.8,8.6,24.4,10.4,12.1,10.2,1.5,0.1,1.6,17.2,3.1,1.4,7.5,3.4,0.1,1.6,1.6,12.5,4.2,1.2,7.1,1.5,0.3,1.1,0.1,6.2,8.3,14.5,14.5,10.9,27.3,13.9,13.4,471.8,32.2,26.1,354.1,59.4,9.8,1.2,8.6,0.2,0,0.1,0,0.7,1,8.5,0.4,3.6,0.1,2.6,1,0.3,0.4,NA,6.6,"MLS",27,45,23,0.336,0.096,0.568,0.0666666666666667,0.2,0.733333333333333,0.509157509157509,58.3,0.552315608919382,0.12356930902925,413.5,0.856348246674728,0.122448979591837,0.2,0,0.1,0,0,0.572413793103448,0.297520661157025,0.0470588235294118,0.122448979591837,0.0315789473684211,0.273684210526316,0.142857142857143,"Seattle Sounders FC"
"Colorado Rapids",15,10.2,25.2,10.3,10.3,12,2,0.2,1.5,20.3,4.2,1.5,6.3,3.4,0.2,2.2,1,14.2,5.5,1,7.7,1.7,0.4,1.1,0.2,7,9.4,16.4,14,9.3,31.6,16.3,15.3,350.5,27.9,33.2,243,46.4,10.3,3,7.3,0.4,0.3,0,0,0.6,1.1,9,0.5,4.5,0.2,3.3,1.5,0.2,0.6,NA,6.3,"MLS",28,44,28,0.387323943661972,0.0704225352112676,0.542253521126761,0.117647058823529,0.235294117647059,0.647058823529412,0.515822784810127,61.1,0.456628477905074,0.17432239657632,289.4,0.839668279198341,0.29126213592233,0.363636363636364,0.272727272727273,0,0,0.272727272727273,0.573170731707317,0.333333333333333,0.0555555555555556,0.29126213592233,0.0204081632653061,0.336734693877551,0.203883495145631,"Colorado Rapids"
"New England Revolution",15.7,10,25.7,10.6,12.1,12.8,1.9,0.2,1.6,19,3.7,0.9,7.1,3.9,0.3,2.4,1.2,13.4,4.7,0.9,7.8,1.5,0.4,0.9,0.2,8.6,9.8,18.4,17,10.2,31.7,15.9,15.8,389.1,27.8,31.9,269.9,59.5,9.9,1.6,8.3,0.3,0.1,0.1,0,0.7,1.1,9.8,0.5,2.9,0.2,2,0.8,0.5,0.4,NA,7.1,"MLS",30,44,26,0.350746268656716,0.0671641791044776,0.582089552238806,0.133333333333333,0.266666666666667,0.6,0.501577287066246,59.7,0.465661641541039,0.15343099460293,329.4,0.819368548876746,0.161616161616162,0.272727272727273,0.0909090909090909,0.0909090909090909,0,0.0909090909090909,0.532608695652174,0.228346456692913,0.0510204081632653,0.161616161616162,0.0520833333333333,0.208333333333333,0.121212121212121,"New England Revolution"
"Toronto FC",15.2,8,23.2,8.5,10.6,9.7,1.4,0.1,1.8,14.6,2.4,1.4,6.8,2.7,0.2,1.3,1.2,12.9,4.1,0.9,7.9,1.7,0.4,1,0.3,7.1,9.3,16.4,15.9,9.2,24.1,12.1,12,529.8,32.9,25.8,418.8,52.2,10,1.8,8.2,0.2,0,0.1,0,0.9,1.1,9.5,0.4,2.9,0.2,2.1,1,0.3,0.3,NA,7.4,"MLS",31,42,27,0.317829457364341,0.0697674418604651,0.612403100775194,0.176470588235294,0.235294117647059,0.588235294117647,0.50207468879668,58.7,0.560477001703578,0.110796526991317,471,0.889171974522293,0.18,0.181818181818182,0,0.0909090909090909,0,0,0.567073170731707,0.233870967741935,0.0421052631578947,0.18,0.0306122448979592,0.214285714285714,0.13,"Toronto FC"
"Orlando City",15.9,10.1,26.1,10.3,9.6,11.1,1.8,0.1,1.6,21,2.5,1.2,6.1,3.4,0.1,1.9,1.3,11.4,4.6,1,5.8,1.3,0.2,0.9,0.1,6.9,9.1,16,15,9.3,28.5,14.2,14.3,431.5,27.2,31.1,318.5,54.7,8.4,1.2,7.2,0.2,0.1,0.1,0.1,0.6,0.9,7.9,0.4,3,0.1,1.7,0.9,0.3,0.2,NA,6.1,"MLS",28,43,27,0.403508771929825,0.087719298245614,0.508771929824561,0.0769230769230769,0.153846153846154,0.692307692307692,0.498245614035088,58.3,0.466552315608919,0.135110081112399,373.2,0.853429796355841,0.142857142857143,0.222222222222222,0.111111111111111,0.111111111111111,0.111111111111111,0.222222222222222,0.56875,0.275229357798165,0.0506329113924051,0.142857142857143,0.037037037037037,0.209876543209877,0.130952380952381,"Orlando City"
"Montreal Impact",16.2,9.1,25.3,10.5,11.3,11.2,1.6,0.1,1.4,17,2.1,1.1,6.8,2.6,0.1,1.5,1,11.5,4.5,1,6.1,1.4,0.3,0.9,0.1,6.5,10.2,16.7,15.3,10.7,28.5,14.6,13.9,456.3,32.7,31.2,338.7,53.6,8.6,1.5,7.1,0.3,0.1,0.1,0,0.5,0.9,7.6,0.5,3.2,0.2,2.1,0.9,0.2,0.4,NA,6,"MLS",26,48,21,0.391304347826087,0.0869565217391304,0.530434782608696,0.0714285714285714,0.214285714285714,0.642857142857143,0.512280701754386,63.9,0.511737089201878,0.140039447731755,392.3,0.863369869997451,0.174418604651163,0.333333333333333,0.111111111111111,0.111111111111111,0,0.111111111111111,0.610778443113772,0.296296296296296,0.0657894736842105,0.174418604651163,0.0240963855421687,0.253012048192771,0.151162790697674,"Montreal Impact"
"Vancouver Whitecaps",14.2,8.4,22.6,11.8,10.9,10.5,1.9,0,1.1,23.8,5.2,1.3,5.2,4.4,0.1,2.5,1.9,10.6,4.3,0.6,5.7,1.1,0.1,0.8,0.1,6.1,8.4,14.6,13.5,8.8,27.6,13.3,14.3,426.9,29.5,32.8,315.6,49,7.5,1.5,6,0.1,0.1,0,0,0.5,0.6,7.5,0.4,2.4,0.2,1.7,0.6,0,0.3,NA,5.7,"MLS",23,42,24,0.405660377358491,0.0566037735849057,0.537735849056604,0.0909090909090909,0.0909090909090909,0.727272727272727,0.481884057971014,62.3,0.473515248796148,0.145935816350433,364.6,0.865606143719144,0.2,0.166666666666667,0.166666666666667,0,0,0.166666666666667,0.575342465753425,0.242424242424242,0.0533333333333333,0.2,0,0.22972972972973,0.12,"Vancouver Whitecaps"
"Columbus Crew",16.9,9.9,26.8,10.1,10.3,11.7,1.7,0,1.6,16.4,2.8,1.4,7.7,2.6,0.1,1.5,1,11.6,4.8,0.9,5.9,1.1,0.1,0.9,0.1,7.4,9.3,16.8,14.8,9.3,29.5,13.9,15.6,447.7,30.6,31.9,329.2,56,8.5,1.5,7,0.2,0.1,0,0.1,0.5,0.8,8.3,0.4,2.8,0.1,2.1,0.9,0.1,0.3,NA,6,"MLS",28,44,26,0.413793103448276,0.0775862068965517,0.508620689655172,0.0909090909090909,0.0909090909090909,0.818181818181818,0.471186440677966,62.5,0.4896,0.139602412329685,385.2,0.854620976116303,0.176470588235294,0.25,0.125,0,0.125,0.25,0.553571428571429,0.252252252252252,0.0481927710843373,0.176470588235294,0.0121951219512195,0.25609756097561,0.141176470588235,"Columbus Crew"
"Houston Dynamo",17.3,10.8,28.1,8.4,11.7,12.2,1.9,0.1,2,14.7,3.3,1.3,6.6,3.1,0.1,1.6,1.4,13.4,5.8,1,6.5,1.4,0.2,1,0.1,6.7,8.6,15.3,13.5,8.4,26.1,11.3,14.8,412.4,28.2,29.7,307,47.5,9.8,1.6,8.2,0.1,0,0.1,0,0.8,1.1,10,0.4,2.8,0.1,1.6,0.5,0.4,0.3,NA,7.6,"MLS",27,45,26,0.432835820895522,0.0746268656716418,0.485074626865672,0.0714285714285714,0.142857142857143,0.714285714285714,0.432950191570881,57.9,0.487046632124352,0.140397672162949,354.5,0.866008462623413,0.163265306122449,0.0909090909090909,0,0.0909090909090909,0,0,0.562091503267974,0.21875,0.04,0.163265306122449,0.0416666666666667,0.166666666666667,0.0816326530612245,"Houston Dynamo"
"Sporting Kansas City",14.1,10.9,25.1,9.1,11.6,12.3,2.1,0.2,1.4,16.2,3,0.9,6.9,3.4,0.1,2.1,1.3,14.7,6.3,0.6,7.7,1.4,0.3,0.8,0.3,6.6,8,14.6,15.3,8,28.2,13.3,14.9,467.9,30.1,27.7,357.7,52.4,10.1,1.9,8.2,0.1,0,0.1,0,0.6,0.9,10.1,0.4,3.8,0.3,1.8,0.9,0.5,0.3,NA,7.4,"MLS",29,42,26,0.428571428571429,0.0408163265306122,0.523809523809524,0.214285714285714,0.214285714285714,0.571428571428572,0.471631205673759,57.8,0.520761245674741,0.123530668946356,410.1,0.872226286271641,0.188118811881188,0.111111111111111,0,0.111111111111111,0,0,0.547945205479452,0.273381294964029,0.0396039603960396,0.188118811881188,0.0515463917525773,0.185567010309278,0.118811881188119,"Sporting Kansas City"
"FC Cincinnati",15.2,8.2,23.4,10.7,11.3,10.9,1.6,0.1,1.9,19.6,3.8,1.1,6.3,2.7,0.3,1.5,0.9,10.6,4.4,0.6,5.6,0.9,0.1,0.7,0.1,6.4,8.4,14.8,15.6,7.8,32.4,16.3,16.1,409.3,30.3,34.1,289.3,55.6,8,1.8,6.2,0.1,0,0.1,0,0.3,0.6,7.4,0.2,2.8,0.1,1.7,0.8,0.3,0.6,NA,5.5,"MLS",25,45,25,0.415094339622642,0.0566037735849057,0.528301886792453,0.111111111111111,0.111111111111111,0.777777777777778,0.503086419753086,64.4,0.470496894409938,0.157341803078427,344.9,0.838793853290809,0.225,0.166666666666667,0,0.166666666666667,0,0,0.567567567567568,0.274509803921569,0.027027027027027,0.225,0.04,0.226666666666667,0.175,"FC Cincinnati"
"Atalanta",16.8,10.2,26.9,10.2,14,13.6,2.1,0.1,1.4,13.1,3.1,1.2,7.3,2.3,0.1,1.2,1,20.1,6.7,1.5,12,2.8,0.6,1.7,0.5,7.2,9.1,16.2,15.6,9.6,30.5,16,14.5,522.4,28.4,25.7,407.5,60.8,15,1.2,13.7,0.3,0,0.2,0,1.4,2,14.4,0.8,4.6,0.3,3.1,1.1,0.6,0.4,0.1,11,"Serie A",32,45,24,0.333333333333333,0.0746268656716418,0.597014925373134,0.178571428571429,0.214285714285714,0.607142857142857,0.524590163934426,54.1,0.524953789279113,0.103560490045942,468.3,0.870168695280803,0.08,0.15,0,0.1,0,0,0.561728395061728,0.242105263157895,0.0555555555555556,0.08,0.0408163265306122,0.210884353741497,0.1,"Atalanta"
"Lazio",15,10.7,25.7,10.6,10.5,12,2.6,0.1,1.8,17,3.7,1.3,6.8,3.1,0.1,1.4,1.6,15.8,5.1,0.7,10,2.3,0.2,1.9,0.2,5.8,9.8,15.6,13.5,7.6,25.7,12.2,13.5,472.9,33.7,20.5,365.6,53.1,12,1.7,10.3,0.2,0,0.2,0,1,1.4,10.7,1.3,3.3,0.5,2.8,1,0.7,0.2,0,8.3,"Serie A",29,45,30,0.322784810126582,0.0443037974683544,0.632911392405063,0.0869565217391304,0.0869565217391304,0.826086956521739,0.474708171206226,54.2,0.621771217712177,0.114611968703743,418.7,0.873178887031287,0.141666666666667,0.142857142857143,0,0.142857142857143,0,0,0.628205128205128,0.235714285714286,0.121495327102804,0.141666666666667,0.0593220338983051,0.23728813559322,0.1,"Lazio"
"Juventus",14.3,9.1,23.5,9.9,12.8,13.5,2.2,0.1,1.9,15.7,2.8,1.9,6.7,3.2,0.1,1.6,1.5,17.5,6.9,1,9.5,1.9,0.3,1.4,0.2,6.7,11.2,18,14.4,7.3,22,12.5,9.5,577.8,29.8,18.5,477.2,52.3,12.9,2.1,10.8,0.2,0.1,0.1,0,0.9,1.2,12.6,0.7,3.9,0.3,2.6,0.9,0.3,0.3,0,9.8,"Serie A",31,45,28,0.394285714285714,0.0571428571428571,0.542857142857143,0.105263157894737,0.157894736842105,0.736842105263158,0.568181818181818,48.3,0.616977225672878,0.0835929387331256,529.5,0.901227573182247,0.162790697674419,0.166666666666667,0.0833333333333333,0.0833333333333333,0,0.0833333333333333,0.622222222222222,0.236363636363636,0.0555555555555556,0.162790697674419,0.0236220472440945,0.204724409448819,0.0930232558139535,"Juventus"
"Inter",14.2,11.2,25.3,9.8,11.1,15,2.6,0.2,2.6,17.5,3.3,2,6.7,2.5,0.1,1.3,1.2,16.2,6.2,1.1,8.9,2,0.3,1.4,0.3,5.2,8.5,13.6,12.6,7.7,27.8,14.8,13,500.2,32.5,20.1,392.4,55.2,11.6,1.7,9.9,0.4,0,0,0,0.9,1.3,11.7,0.6,3.7,0.3,3,1,0.2,0.3,0,8.2,"Serie A",28,44,28,0.382716049382716,0.0679012345679012,0.549382716049383,0.15,0.15,0.7,0.532374100719424,52.6,0.61787072243346,0.10515793682527,447.6,0.876675603217158,0.146551724137931,0.307692307692308,0,0,0,0,0.625,0.24025974025974,0.0512820512820513,0.146551724137931,0.0175438596491228,0.263157894736842,0.112068965517241,"Inter"
"Roma",12.8,7.8,20.7,10.8,11.7,14.2,2.8,0.2,1.3,15.8,2.6,1.5,5.8,2.9,0,1.6,1.3,17.3,7.1,1.4,8.8,2,0.5,1,0.3,6.7,12.4,19,14,8.2,28.2,15.6,12.5,466.2,34.9,24.5,357.3,49.6,12.6,2.5,10.1,0.3,0.1,0.2,0,0.7,1.2,11,0.6,5.3,0.3,3.4,1.7,0.5,0.4,0,8.4,"Serie A",31,44,30,0.410404624277457,0.0809248554913295,0.508670520231214,0.15,0.25,0.5,0.553191489361702,59.4,0.587542087542088,0.127413127413127,406.9,0.878102727942983,0.198412698412698,0.25,0.0833333333333333,0.166666666666667,0,0.0833333333333333,0.652631578947368,0.325153374233129,0.0545454545454545,0.198412698412698,0.040650406504065,0.276422764227642,0.166666666666667,"Roma"
"Sassuolo",15,8.2,23.2,9.4,15,13.4,2.7,0.1,1.8,17.3,3.6,2.1,6.8,3.9,0.2,2.4,1.2,14.5,7.1,0.6,6.8,1.6,0.2,1.3,0.2,8,13.3,21.3,13.9,9.5,20.4,9.3,11.1,530,18.6,21.1,438.8,51.6,11.1,1.2,9.9,0.2,0,0.1,0,1,1.3,10.2,0.7,3.5,0.1,1.5,0.7,0.5,0.2,0.1,8.9,"Serie A",29,43,29,0.489655172413793,0.0413793103448276,0.468965517241379,0.125,0.125,0.8125,0.455882352941177,39.7,0.468513853904282,0.0749056603773585,490.4,0.894779771615008,0.108108108108108,0.153846153846154,0,0.0769230769230769,0,0,0.624413145539906,0.255474452554745,0.0686274509803922,0.108108108108108,0.0458715596330275,0.137614678899083,0.0810810810810811,"Sassuolo"
"Napoli",13.6,9.4,23,8.8,13.8,11.7,2.2,0.1,1.6,11.7,2.6,1,5.6,2.6,0.2,1.3,1.2,18.5,8,1.3,9.3,1.6,0.4,0.9,0.2,6.7,9.9,16.5,11.7,8.1,22.5,11.6,10.9,591,24.9,17.5,492.6,56.1,14.2,2,12.2,0.3,0,0,0.2,0.7,1.1,13.8,0.2,4.3,0.1,3.6,1.1,0.5,0.5,0,9.8,"Serie A",31,45,26,0.432432432432432,0.0702702702702703,0.502702702702703,0.125,0.25,0.5625,0.515555555555556,42.4,0.587264150943396,0.0717428087986464,548.7,0.897758337889557,0.140845070422535,0.272727272727273,0,0,0.181818181818182,0.181818181818182,0.6,0.237569060773481,0.0144927536231884,0.140845070422535,0.0359712230215827,0.258992805755396,0.112676056338028,"Napoli"
"AC Milan",16.1,9.9,26,11.1,12.9,14.5,2.8,0.2,1.5,16.7,2.7,1.7,5.9,3.2,0.2,1.9,1.2,15.9,7,0.8,8.2,1.1,0.2,0.7,0.2,7,11.5,18.5,17.1,10.1,31.3,15.8,15.6,484.5,29.4,24.2,376.1,54.9,12.3,1.4,10.8,0.1,0,0.1,0.1,0.3,0.5,12.2,0.5,3.1,0.2,2.5,0.8,0.3,0.3,0,9.4,"Serie A",30,44,27,0.440251572327044,0.050314465408805,0.515723270440252,0.181818181818182,0.181818181818182,0.636363636363636,0.504792332268371,53.6,0.548507462686567,0.11062951496388,431,0.87262180974478,0.113821138211382,0.2,0,0.2,0.2,0.2,0.621621621621622,0.202614379084967,0.0409836065573771,0.113821138211382,0.0245901639344262,0.204918032786885,0.0894308943089431,"AC Milan"
"Parma Calcio 1913",17.2,11.8,29,10.3,11.7,14.2,2.2,0,1.6,22.1,4.8,2.2,6.2,4.3,0.2,2.3,1.8,12,5.4,0.6,6,1.3,0.3,0.8,0.2,6.6,7.9,14.5,15.9,9.4,29.6,16.8,12.8,356.1,34.2,29,242,50.8,8.6,1.4,7.2,0.4,0.1,0.1,0,0.4,1,7.6,1,3.4,0.1,2,0.9,0.2,0.4,0,6.1,"Serie A",25,43,24,0.45,0.05,0.5,0.153846153846154,0.230769230769231,0.615384615384615,0.567567567567568,63.2,0.541139240506329,0.177478236450435,292.8,0.826502732240437,0.162790697674419,0.4,0.1,0.1,0,0.1,0.544827586206897,0.309090909090909,0.131578947368421,0.162790697674419,0.0240963855421687,0.240963855421687,0.151162790697674,"Parma Calcio 1913"
"Verona",13.8,7,20.8,10,13.4,15.3,2.4,0.2,2.6,22,5.2,1.7,4.6,3.2,0.2,1.8,1.3,11.6,3.7,1.1,6.7,1.2,0.3,0.7,0.1,6,8.4,14.4,14.8,8.1,42.4,20.6,21.9,408.9,24.3,34.7,289.1,60.8,8.6,1.7,7,0.3,0.1,0,0,0.2,0.6,7.5,0.6,3.2,0.2,2.8,1.1,0,0.2,0,5.7,"Serie A",25,46,23,0.318965517241379,0.0948275862068966,0.577586206896552,0.0833333333333333,0.25,0.583333333333333,0.485849056603774,59,0.411864406779661,0.144289557348985,349.9,0.826236067447842,0.197674418604651,0.5,0.166666666666667,0,0,0.166666666666667,0.583333333333333,0.299065420560748,0.08,0.197674418604651,0,0.329411764705882,0.151162790697674,"Verona"
"Torino",15.3,9.2,24.5,13.1,14.4,16.4,2.4,0.3,2,22.7,4.7,2,7,4,0.2,2.2,1.5,10.9,4.2,0.5,6.2,1.1,0.1,0.8,0.2,7.4,12.7,20.1,16.1,10.8,38.7,19.4,19.3,376.2,30,29,265.2,52,8.4,1.2,7.2,0.3,0,0,0,0.4,0.8,6.8,0.4,3.6,0.2,2.2,0.5,0.2,0.4,0.1,5.5,"Serie A",27,43,27,0.385321100917431,0.0458715596330275,0.568807339449541,0.181818181818182,0.0909090909090909,0.727272727272727,0.501291989664083,59,0.508474576271186,0.156831472620946,317.2,0.836065573770492,0.142857142857143,0.375,0,0,0,0,0.6318407960199,0.346153846153846,0.0588235294117647,0.142857142857143,0.0253164556962025,0.278481012658228,0.107142857142857,"Torino"
"Fiorentina",15.7,11.2,26.9,9.3,13.3,14.6,2.5,0.2,1.4,17.1,2.6,1.9,6.3,3.1,0.1,1.7,1.3,14.5,5.7,0.9,7.8,1.2,0.1,0.9,0.2,5.7,11,16.7,15.5,10.2,28.3,13.7,14.5,400.1,24.9,26.9,297,51.2,10.8,2.2,8.7,0.2,0.1,0,0,0.4,0.7,9.5,0.5,4.3,0.3,2.8,1,0.2,0.8,0,7.4,"Serie A",29,44,25,0.393103448275862,0.0620689655172414,0.537931034482759,0.166666666666667,0.0833333333333333,0.75,0.484098939929329,51.8,0.480694980694981,0.129467633091727,348.2,0.85295807007467,0.203703703703704,0.285714285714286,0.142857142857143,0,0,0.142857142857143,0.658682634730539,0.311594202898551,0.0526315789473684,0.203703703703704,0.0192307692307692,0.269230769230769,0.166666666666667,"Fiorentina"
"Cagliari",14.8,10.4,25.2,8.5,11.5,14.6,2.9,0.1,1.5,21.4,4.4,2.6,7.2,3.4,0.2,2.2,1,12,5.5,0.7,5.8,1.6,0.2,1,0.4,5.6,8.7,14.4,14.8,9.2,33.9,15,18.8,414.3,30.1,28.7,304.4,51.1,9.4,1.2,8.2,0.4,0,0.1,0,0.5,1,9.2,0.5,2.2,0.2,2.4,0.7,0.2,0.3,0.2,6.5,"Serie A",25,45,26,0.458333333333333,0.0583333333333333,0.483333333333333,0.25,0.125,0.625,0.442477876106195,58.8,0.511904761904762,0.141926140477915,355.5,0.856258790436006,0.127659574468085,0.4,0,0.1,0,0,0.604166666666667,0.192982456140351,0.0543478260869565,0.127659574468085,0.021978021978022,0.263736263736264,0.106382978723404,"Cagliari"
"Bologna",15.6,10.5,26.1,10.7,15,15.5,3.2,0.2,2.1,16.8,3.5,1.7,6.7,2.8,0.2,1.7,1,14.6,5.7,1.4,7.5,1.5,0.4,0.8,0.1,7.5,8.6,16.1,16.2,8.9,38.7,19.3,19.3,439.6,24.8,26.3,332.2,56.2,11,1.6,9.4,0.2,0,0,0,0.6,0.9,10.8,0.5,3.1,0.2,2.4,0.8,0.3,0.4,0,8,"Serie A",29,45,25,0.39041095890411,0.0958904109589041,0.513698630136986,0.0666666666666667,0.266666666666667,0.533333333333333,0.498708010335917,51.1,0.4853228962818,0.116242038216561,388.4,0.855303810504634,0.145454545454545,0.222222222222222,0,0,0,0,0.53416149068323,0.223021582733813,0.0462962962962963,0.145454545454545,0.0280373831775701,0.224299065420561,0.109090909090909,"Bologna"
"Udinese",16.2,8.9,25,10,11.5,13.6,2.1,0.1,1.8,20.4,4,1.7,7.6,3.3,0.1,2,1.2,13.1,5.5,0.7,7,0.8,0.1,0.6,0.1,5.3,10.2,15.5,14.3,9.3,29.7,14,15.8,396.6,25,29.1,292.7,49.8,10,1.4,8.6,0.2,0,0,0,0.3,0.5,9.5,0.7,2.9,0,2.4,0.5,0.3,0.3,0,7.1,"Serie A",25,47,26,0.419847328244275,0.0534351145038168,0.534351145038168,0.125,0.125,0.75,0.471380471380471,54.1,0.462107208872458,0.136409480584972,342.5,0.854598540145985,0.14,0.4,0,0,0,0,0.658064516129032,0.233870967741935,0.0736842105263158,0.14,0.0306122448979592,0.244897959183673,0.08,"Udinese"
"Sampdoria",17,10.6,27.6,10.2,12.2,15,2.8,0.2,1.9,17.3,2.7,1.8,7.4,2.8,0.1,1.8,0.9,14.8,6.8,0.5,7.5,1.1,0,0.9,0.2,5.1,8.4,13.6,14.4,8.4,34,15.9,18.1,367.8,23.3,30.4,258.8,55.3,10.4,1.3,9.1,0.2,0,0,0,0.4,0.6,10.5,0.3,3.7,0.3,2.6,0.8,0.2,0.3,0.2,7.2,"Serie A",29,45,29,0.459459459459459,0.0337837837837838,0.506756756756757,0.181818181818182,0,0.818181818181818,0.467647058823529,53.7,0.43389199255121,0.146003262642741,314.1,0.823941419929959,0.125,0.333333333333333,0,0,0,0,0.617647058823529,0.26056338028169,0.0285714285714286,0.125,0.02,0.26,0.105769230769231,"Sampdoria"
"Genoa",15.1,10.5,25.6,10.1,13.9,15.7,2.8,0.3,1.4,20.5,4,1.7,6.9,3.8,0.3,1.8,1.8,12,5.1,0.9,6,1.2,0.2,0.8,0.2,6,9.2,15.2,14.6,9.5,31.6,16.3,15.3,433.2,25.3,27.7,327.1,53.2,8.2,1.3,6.9,0.2,0,0,0,0.5,0.8,7.9,0.3,3.4,0.3,2.3,0.5,0.1,0.2,0,5.7,"Serie A",26,43,27,0.425,0.075,0.5,0.166666666666667,0.166666666666667,0.666666666666667,0.515822784810127,53,0.477358490566038,0.122345337026777,380.3,0.860110439127005,0.158536585365854,0.25,0,0,0,0,0.605263157894737,0.300884955752212,0.0379746835443038,0.158536585365854,0.0123456790123457,0.283950617283951,0.0853658536585366,"Genoa"
"Lecce",14.2,11.6,25.8,10.2,13.8,13.4,2.7,0.2,1.6,21.3,4,2,6.6,4.5,0.3,2.8,1.3,13.4,6,0.8,6.6,1.3,0.3,0.7,0.3,4.3,8,12.3,13,9.1,28.2,13.2,15,391.5,31.2,27,282.5,50.9,10,1.3,8.7,0.2,0,0,0,0.5,0.7,10,0.5,2.6,0.3,2.3,0.2,0.2,0.5,0.2,7.1,"Serie A",23,43,25,0.447761194029851,0.0597014925373134,0.492537313432836,0.230769230769231,0.230769230769231,0.538461538461538,0.468085106382979,58.2,0.536082474226804,0.148659003831418,333.4,0.847330533893221,0.13,0.285714285714286,0,0,0,0,0.650406504065041,0.206349206349206,0.05,0.13,0.0208333333333333,0.239583333333333,0.07,"Lecce"
"SPAL 2013",15,9.3,24.3,9.8,14.3,15,2.8,0.1,1.6,19,4.3,1.2,5.7,4,0.1,2.5,1.5,13.3,5.7,0.6,7.1,0.8,0.1,0.6,0.1,4,9.5,13.6,13.4,10.7,30.5,15.3,15.2,392,26,28.8,288.8,48.5,9.5,1.4,8,0.1,0,0,0,0.3,0.4,9.2,0.1,3.8,0.3,3,1.1,0.2,0.7,0.2,5.9,"Serie A",25,44,25,0.428571428571429,0.0451127819548872,0.533834586466165,0.125,0.125,0.75,0.501639344262295,54.8,0.474452554744526,0.139795918367347,337.3,0.856211088052179,0.147368421052632,0.25,0,0,0,0,0.698529411764706,0.292307692307692,0.0108695652173913,0.147368421052632,0.021978021978022,0.32967032967033,0.189473684210526,"SPAL 2013"
"Brescia",14.2,8.5,22.7,9.3,15.8,13.2,2.4,0.2,2.3,23.5,5,2.3,6,3.9,0.2,2.3,1.3,10.7,4.3,0.9,5.4,0.8,0.3,0.4,0.2,4.3,7.6,12,15,8.9,31,15.3,15.7,334.5,21,28.3,227.5,57.7,7,1.5,5.5,0.2,0.1,0,0,0.3,0.5,6.6,0.4,3.5,0.1,2.2,0.9,0.2,0.6,0.1,4.2,"Serie A",25,43,24,0.401869158878505,0.0841121495327103,0.504672897196262,0.25,0.375,0.5,0.493548387096774,49.3,0.425963488843813,0.147384155455904,285.2,0.797685834502104,0.214285714285714,0.4,0.2,0,0,0.2,0.633333333333333,0.346534653465347,0.0606060606060606,0.214285714285714,0.0303030303030303,0.333333333333333,0.214285714285714,"Brescia"
"Bayern Munich",14.8,8.5,23.3,9.5,10.8,9,1.7,0.1,2.2,9.9,2.3,1.4,5.8,2.4,0.2,1.3,0.9,18.8,5.8,1.8,11.2,2.9,0.4,2.1,0.4,8.3,15.4,23.7,15.2,9.2,26.1,14,12.2,673.4,39.6,20.4,549.4,64,14.7,2.1,12.6,0.6,0.2,0.4,0,1.3,2.3,14.3,0.4,3.9,0.2,4.3,1.3,0.8,0.4,0,9.2,"Bundesliga",34,42,26,0.308510638297872,0.0957446808510638,0.595744680851064,0.137931034482759,0.137931034482759,0.724137931034483,0.53639846743295,60,0.66,0.0891000891000891,613.4,0.895663514835344,0.142857142857143,0.260869565217391,0.0869565217391304,0.173913043478261,0,0.0869565217391304,0.649789029535865,0.214285714285714,0.027972027972028,0.142857142857143,0.055944055944056,0.300699300699301,0.115646258503401,"Bayern Munich"
"Borussia Dortmund",15.3,8.2,23.5,10.7,9.8,8.8,1,0,1.7,12.8,2.4,1.1,7.8,1.7,0.2,0.9,0.6,13.8,4.4,0.9,8.5,2.7,0.6,2,0.2,9.4,13.8,23.2,14.4,10.1,22.5,11.6,11,659.3,30.9,24.1,540,64.3,11.2,1.4,9.8,0.4,0.1,0.3,0,1.6,2.4,9.8,0.8,3.1,0.1,2.3,1.2,0.6,0.3,0,8.1,"Bundesliga",28,46,21,0.318840579710145,0.0652173913043478,0.615942028985507,0.0740740740740741,0.222222222222222,0.740740740740741,0.515555555555556,55,0.561818181818182,0.0834218110116791,604.3,0.893595896078107,0.125,0.166666666666667,0.0416666666666667,0.125,0,0.0416666666666667,0.594827586206897,0.24031007751938,0.0816326530612245,0.125,0.0545454545454545,0.209090909090909,0.133928571428571,"Borussia Dortmund"
"RasenBallsport Leipzig",18.8,11.5,30.3,11.1,10.6,10.9,1.4,0,2.6,16.4,2.7,1.6,9.6,2.6,0.2,1.7,0.7,16.3,5.4,1.3,9.6,2.5,0.6,1.4,0.5,7.1,12.1,19.2,17,8.8,29.6,15.4,14.2,534.4,25.6,25.6,412.6,70.5,12.6,2.1,10.5,0.4,0.2,0.1,0,1.1,1.6,11.1,0.8,4.2,0.2,3.4,1.5,0.4,0.4,0,8.7,"Bundesliga",30,46,27,0.331288343558282,0.0797546012269939,0.588957055214724,0.2,0.24,0.56,0.52027027027027,51.2,0.5,0.0958083832335329,483.1,0.854067480852825,0.166666666666667,0.25,0.125,0.0625,0,0.125,0.630208333333333,0.274509803921569,0.0720720720720721,0.166666666666667,0.032,0.272,0.150793650793651,"RasenBallsport Leipzig"
"Borussia M.Gladbach",16.7,10.9,27.6,12.4,12.8,12.6,2.3,0.1,2.7,16.8,3.5,1.5,8.6,3.6,0,2.5,1,13.7,4,1.2,8.5,2,0.4,1.4,0.1,8,12.6,20.5,14.4,9.5,35.2,17.4,17.7,465.6,26.5,26,350,63.1,10.2,1.8,8.4,0.4,0,0.1,0.2,1,1.6,9.2,0.6,3.7,0.2,2.5,0.7,0.6,0.9,0,6.6,"Bundesliga",28,43,26,0.291970802919708,0.0875912408759124,0.62043795620438,0.05,0.2,0.7,0.494318181818182,52.5,0.504761904761905,0.112757731958763,413.1,0.847252481239409,0.176470588235294,0.25,0,0.0625,0.125,0.125,0.614634146341463,0.286821705426357,0.0652173913043478,0.176470588235294,0.0618556701030928,0.257731958762887,0.156862745098039,"Borussia M.Gladbach"
"Bayer Leverkusen",17.2,9.4,26.6,10.4,10.4,11.3,1.5,0.2,2.8,13.8,1.9,0.9,9,3,0.2,1.8,1,15.5,5.2,1.3,9,1.8,0.5,1,0.2,7.5,13.4,20.9,17.4,11.3,31,16.2,14.8,617.8,32.7,29.6,491,64.5,12.4,2.2,10.2,0.4,0.1,0.2,0,0.8,1.5,10.4,1.1,4,0,3.2,1.4,0.5,0.3,0.2,8.2,"Bundesliga",26,48,26,0.335483870967742,0.0838709677419355,0.580645161290323,0.111111111111111,0.277777777777778,0.555555555555556,0.52258064516129,62.3,0.524879614767255,0.100841696341858,555.5,0.883888388838884,0.17741935483871,0.266666666666667,0.0666666666666667,0.133333333333333,0,0.0666666666666667,0.641148325358852,0.277777777777778,0.105769230769231,0.17741935483871,0.0420168067226891,0.26890756302521,0.137096774193548,"Bayer Leverkusen"
"Wolfsburg",17.6,10.8,28.4,11.2,12,14.3,1.7,0.1,2.4,18.8,2.6,1.9,8.4,3.3,0.2,2.2,0.9,13.9,5.5,0.6,7.8,1.4,0.3,0.8,0.3,7.8,10.5,18.3,16,11.1,39.1,19.6,19.4,417.2,30.9,35.4,284.1,66.8,10.7,2.3,8.4,0.2,0,0.1,0,0.7,1,8.6,0.6,4.5,0.1,3,1.2,0.4,0.7,0.1,6.8,"Bundesliga",29,43,25,0.39568345323741,0.0431654676258993,0.561151079136691,0.214285714285714,0.214285714285714,0.571428571428572,0.501278772378517,66.3,0.46606334841629,0.158916586768936,350.9,0.809632373895697,0.214953271028037,0.2,0,0.1,0,0,0.573770491803279,0.343511450381679,0.0697674418604651,0.214953271028037,0.0392156862745098,0.294117647058824,0.177570093457944,"Wolfsburg"
"Eintracht Frankfurt",17.8,11.5,29.2,11,10.6,12,1.8,0.1,1.9,15.3,3.1,1.7,8.6,3.6,0,2.1,1.5,15,4.8,1.5,8.7,1.6,0.6,0.9,0,6,9.7,15.7,15.8,8.6,39.8,19.9,19.8,407.1,31.1,34.8,274.2,67.1,11.3,2.6,8.6,0.6,0.2,0,0,0.6,1.2,10,0.5,4.5,0,4.3,1.3,0.2,0.5,0,6.5,"Bundesliga",30,44,26,0.32,0.1,0.58,0,0.375,0.5625,0.5,65.9,0.471927162367223,0.161876688774257,341.3,0.803398769411075,0.230088495575221,0.5,0.166666666666667,0,0,0.166666666666667,0.617834394904459,0.310344827586207,0.05,0.230088495575221,0.0181818181818182,0.390909090909091,0.15929203539823,"Eintracht Frankfurt"
"FC Koln",18.4,11.5,29.9,13.6,12.5,13.8,2.4,0.1,2.3,20.1,3.2,1.6,8.6,2.5,0,1.2,1.4,13,4.4,1.2,7.4,1.6,0.4,0.9,0.2,5.7,8.2,13.9,16,9,39.9,20.4,19.4,387.6,32.6,32.5,262.1,60.4,9.8,1.4,8.4,0.4,0.1,0.2,0.1,0.6,1.2,8.2,0.7,4.1,0,3,0.8,0.4,0.6,0.1,6.2,"Bundesliga",27,45,28,0.338461538461538,0.0923076923076923,0.569230769230769,0.125,0.25,0.5625,0.511278195488722,65.1,0.500768049155146,0.167956656346749,322.5,0.812713178294574,0.142857142857143,0.333333333333333,0.0833333333333333,0.166666666666667,0.0833333333333333,0.166666666666667,0.589928057553957,0.333333333333333,0.0853658536585366,0.142857142857143,0.0416666666666667,0.3125,0.142857142857143,"FC Koln"
"Schalke 04",17,11.4,28.4,11.7,11.1,11.4,1.7,0,2.4,18.4,3.6,1,10.4,3.6,0.1,2.2,1.3,11.7,4.6,0.5,6.6,1.3,0.2,0.8,0.2,7.9,11.9,19.8,18.8,12.4,37.2,19,18.2,434.8,28.2,34.4,312,60.2,8.5,1.6,6.9,0.1,0,0,0,0.7,0.8,7.7,0.6,3.4,0,2.2,1,0.3,0.6,0,5.8,"Bundesliga",28,43,24,0.393162393162393,0.0427350427350427,0.564102564102564,0.153846153846154,0.153846153846154,0.615384615384615,0.510752688172043,62.6,0.450479233226837,0.143974241030359,372.2,0.838259000537346,0.188235294117647,0.125,0,0,0,0,0.601010101010101,0.306306306306306,0.0779220779220779,0.188235294117647,0.036144578313253,0.265060240963855,0.188235294117647,"Schalke 04"
"Union Berlin",16.3,10.4,26.7,13,10.5,15.6,2,0.2,1.9,21.7,3.4,1.8,8.4,3.5,0.3,2.1,1.2,12.6,4.7,1,6.8,1.3,0.2,0.8,0.2,5.6,7.9,13.5,15.3,7.9,53.4,28.2,25.2,357.3,30.5,40.7,219.3,66.8,8.7,1.8,7,0.3,0.2,0,0.1,0.5,0.8,7.4,0.5,4.4,0.2,2.8,1,0.1,0.7,0,5.4,"Bundesliga",28,44,24,0.373015873015873,0.0793650793650794,0.53968253968254,0.153846153846154,0.153846153846154,0.615384615384615,0.528089887640449,71.2,0.428370786516854,0.199272320179121,286.1,0.76651520447396,0.206896551724138,0.375,0.25,0,0.125,0.375,0.585185185185185,0.372881355932203,0.0675675675675676,0.206896551724138,0.0120481927710843,0.337349397590361,0.195402298850575,"Union Berlin"
"Freiburg",13.6,9.8,23.5,9.8,12.9,9.6,1.3,0.1,1.4,21.9,4.7,2,7.5,4,0.1,2.4,1.6,13.4,4.6,1.3,7.5,1.4,0.3,0.7,0.2,5.8,7.4,13.2,15.2,8.3,40.9,19.6,21.3,421,30,35.5,299,56.5,9.7,2,7.7,0.2,0.1,0.1,0.1,0.4,0.8,8.6,0.2,4.4,0.2,3.4,1.1,0.6,0.6,0.1,5.4,"Bundesliga",26,42,26,0.343283582089552,0.0970149253731343,0.559701492537313,0.142857142857143,0.214285714285714,0.5,0.47921760391198,65.5,0.458015267175573,0.155581947743468,355.5,0.841068917018284,0.206185567010309,0.25,0.125,0.125,0.125,0.25,0.560606060606061,0.338461538461538,0.0232558139534884,0.206185567010309,0.0638297872340425,0.361702127659574,0.175257731958763,"Freiburg"
"Hoffenheim",16.2,10.5,26.7,9.5,12,11,1.9,0,1.9,19.5,3.4,1.6,7.3,3.5,0.1,2.4,1,12.6,4.2,1,7.5,1.4,0.2,0.9,0.2,5.9,8.8,14.8,14,10.6,33.8,17.3,16.4,490,26.8,30.8,374.2,58.2,9.7,2.7,7,0.4,0.2,0.1,0,0.5,1,7.7,0.6,4.3,0.1,3.5,1.4,0.3,0.6,0,5.7,"Bundesliga",24,45,26,0.333333333333333,0.0793650793650794,0.595238095238095,0.142857142857143,0.142857142857143,0.642857142857143,0.511834319526627,57.6,0.465277777777778,0.117551020408163,432.4,0.865402405180389,0.278350515463918,0.4,0.2,0.1,0,0.2,0.594594594594595,0.358333333333333,0.0779220779220779,0.278350515463918,0.0315789473684211,0.368421052631579,0.206185567010309,"Hoffenheim"
"Hertha Berlin",16.6,9.2,25.8,12,11,13.1,2,0.1,1.3,22.2,3.4,1.8,7.9,3.7,0.2,2.1,1.4,10.8,3.9,0.6,6.2,1.3,0.1,0.9,0.2,5.3,10.8,16.1,16.2,10.6,36.3,19.7,16.6,398.6,33.4,33.6,272.8,58.7,8,1.5,6.6,0.3,0.1,0,0,0.6,1,7,0.6,3.1,0,2.6,0.8,0.1,0.6,0,5.2,"Bundesliga",24,47,26,0.361111111111111,0.0555555555555556,0.574074074074074,0.153846153846154,0.0769230769230769,0.692307692307692,0.542699724517906,67,0.498507462686567,0.168088309081786,331.5,0.822926093514329,0.1875,0.3,0.1,0,0,0.1,0.670807453416149,0.306930693069307,0.0857142857142857,0.1875,0.0126582278481013,0.329113924050633,0.175,"Hertha Berlin"
"Mainz 05",18.3,9.7,28,10.9,10.8,13.6,2,0.1,2,21.1,3.1,1.7,9,3.6,0.2,1.8,1.6,13.6,6,0.7,6.9,1.4,0.2,0.9,0.1,6.4,10.6,17,18.4,10,36,17,19.1,359,24.7,33.6,242.9,57.8,10.1,1.6,8.4,0.2,0.1,0.2,0,0.7,1,8.9,0.6,4.1,0.1,2.8,1,0.4,0.6,0.1,6.6,"Bundesliga",28,43,29,0.441176470588235,0.0514705882352941,0.507352941176471,0.0714285714285714,0.142857142857143,0.642857142857143,0.472222222222222,58.3,0.423670668953688,0.162395543175487,300.7,0.807781842367808,0.158415841584158,0.2,0.1,0.2,0,0.1,0.623529411764706,0.315384615384615,0.0674157303370786,0.158415841584158,0.0408163265306122,0.285714285714286,0.158415841584158,"Mainz 05"
"Paderborn",20.4,13.5,33.9,10.6,10.2,12.6,2.3,0.1,2,22.4,3.4,2.1,9.6,3.2,0.2,2.2,0.7,12.6,5.6,0.7,6.2,1.2,0.3,0.6,0.2,9.6,12.3,21.9,19.2,10.9,32.2,14.6,17.6,394.2,26,29.3,278.4,60.4,9,2.2,6.8,0.2,0,0,0,0.6,0.9,8,0.7,3.7,0.1,1.7,0.6,0.2,0.4,0.2,6.8,"Bundesliga",27,41,22,0.444444444444444,0.0555555555555556,0.492063492063492,0.166666666666667,0.25,0.5,0.453416149068323,55.3,0.470162748643761,0.140284119736175,338.8,0.82172373081464,0.244444444444444,0.222222222222222,0,0,0,0,0.561643835616438,0.316239316239316,0.0875,0.244444444444444,0.0229885057471264,0.195402298850575,0.111111111111111,"Paderborn"
"Augsburg",15,10.3,25.3,13.4,10.6,11.4,1.8,0.1,2.6,22.1,3.4,1.6,7,3,0.2,1.6,1.2,10.9,4.5,0.7,5.7,1.4,0.3,0.8,0.3,6.4,6.6,13,14.7,8.5,32.6,15.2,17.3,308,22,38.6,191.9,55.5,8,1.6,6.3,0.2,0,0.1,0,0.6,1,7.4,0.4,3,0.2,1.9,0.8,0.3,0.4,0.1,5.5,"Bundesliga",27,44,23,0.412844036697248,0.0642201834862385,0.522935779816514,0.214285714285714,0.214285714285714,0.571428571428572,0.466257668711656,60.6,0.363036303630363,0.196753246753247,247.4,0.775666936135813,0.2,0.2,0,0.1,0,0,0.507692307692308,0.288461538461538,0.0540540540540541,0.2,0.038961038961039,0.246753246753247,0.15,"Augsburg"
"Fortuna Duesseldorf",14.8,10.6,25.4,10.7,12.6,12.4,2.5,0,1.8,17.2,3.3,2,7,3.7,0.2,2.3,1.2,12.4,6,0.5,5.9,1.1,0.2,0.8,0.1,6.2,8.2,14.5,14.4,7.7,36.3,16.9,19.4,381.1,34.3,32.6,258.2,55.9,8.6,2.2,6.4,0.3,0.1,0.1,0,0.4,0.8,8.2,0.4,3.7,0.1,2.6,0.8,0.2,0.6,0.2,5.4,"Bundesliga",27,46,24,0.483870967741935,0.0403225806451613,0.475806451612903,0.0909090909090909,0.181818181818182,0.727272727272727,0.465564738292011,66.9,0.51270553064275,0.17554447651535,314.1,0.822031200254696,0.255813953488372,0.375,0.125,0.125,0,0.125,0.56551724137931,0.310924369747899,0.0487804878048781,0.255813953488372,0.024390243902439,0.317073170731707,0.162790697674419,"Fortuna Duesseldorf"
"Werder Bremen",15.5,10.2,25.7,12.1,13,12.6,2.1,0.1,1.5,21,3.6,2.4,6.9,3.1,0.1,1.7,1.3,12.9,5.2,0.6,7.1,1.1,0.2,0.6,0.2,5.9,7.7,13.6,16.8,10.7,36.7,17.2,19.5,448.7,26.5,30.3,327.1,64.8,9.6,1.8,7.9,0.3,0.1,0.1,0,0.4,0.8,9.2,0.4,3.2,0.2,2.6,1,0.1,0.5,0,6.7,"Bundesliga",25,45,29,0.403100775193798,0.0465116279069767,0.550387596899225,0.181818181818182,0.181818181818182,0.545454545454545,0.46866485013624,56.8,0.466549295774648,0.126587920659684,391.9,0.834651696861444,0.1875,0.375,0.125,0.125,0,0.125,0.566176470588235,0.258064516129032,0.0434782608695652,0.1875,0.0106382978723404,0.276595744680851,0.15625,"Werder Bremen"
"Real Madrid",16,10.6,26.6,10.7,11.9,12.9,2,0.1,2.1,14.2,2,1.9,7.2,1.9,0.1,1.3,0.4,16.1,6.4,1.3,8.4,1.8,0.3,1.3,0.2,7.4,12.5,19.9,14.4,8.3,27.3,15.9,11.4,562.6,40.3,22.2,446.5,53.6,12.6,2.3,10.3,0.3,0,0,0.1,1,1.4,11.5,0.4,4,0.2,3.2,0.9,0.5,0.4,0.1,8.6,"La Liga",32,43,24,0.397515527950311,0.0807453416149068,0.521739130434783,0.111111111111111,0.166666666666667,0.722222222222222,0.582417582417582,62.5,0.6448,0.111091361535727,500.1,0.892821435712857,0.182539682539683,0.214285714285714,0,0,0.0714285714285714,0.0714285714285714,0.628140703517588,0.258064516129032,0.0347826086956522,0.182539682539683,0.040650406504065,0.260162601626016,0.103174603174603,"Real Madrid"
"Barcelona",14.7,7.5,22.2,9.1,13.6,11.2,2.3,0.2,2.4,13.4,2.3,1.2,5.7,2.1,0.1,1,0.9,12.7,4.2,0.7,7.8,2.3,0.2,1.7,0.4,6.9,14,20.9,12.7,9.4,21.9,11.8,10,684.3,30.1,17,574.5,62.7,10,0.9,9.1,0.1,0,0.4,0.1,1.1,1.7,9.8,0.5,2.3,0.1,1.1,0.5,0.9,0.3,0,7.8,"La Liga",30,44,31,0.330708661417323,0.0551181102362205,0.614173228346457,0.173913043478261,0.0869565217391304,0.739130434782609,0.538812785388128,47.1,0.639065817409766,0.0688294607628233,637.2,0.901600753295668,0.09,0.0588235294117647,0,0.235294117647059,0.0588235294117647,0.0588235294117647,0.669856459330144,0.190082644628099,0.0510204081632653,0.09,0.0918367346938775,0.112244897959184,0.08,"Barcelona"
"Sevilla",16,10.3,26.3,8.9,12.3,14.3,2.7,0,2.6,18.1,2.1,1.4,6.5,1.9,0.1,0.9,0.9,13.1,3.8,1.1,8.2,1.4,0.4,0.9,0.1,7.1,11.2,18.4,14.5,9.3,40,20.4,19.7,508.7,39.4,31.1,378.7,59.5,9.6,2.4,7.2,0.2,0.1,0.1,0.1,0.6,1,8.4,0.6,4,0.1,3.6,1.1,0.4,0.3,0,5.4,"La Liga",29,43,23,0.290076335877863,0.083969465648855,0.625954198473282,0.0714285714285714,0.285714285714286,0.642857142857143,0.51,70.5,0.55886524822695,0.138588559072145,438.2,0.864217252396166,0.25,0.2,0.1,0.1,0.1,0.2,0.608695652173913,0.32258064516129,0.0714285714285714,0.25,0.0425531914893617,0.382978723404255,0.145833333333333,"Sevilla"
"Atletico Madrid",16.9,9.3,26.1,10.9,13.2,13.9,2.3,0.1,3,18.3,2.9,1.7,7.4,2.2,0.2,0.8,1.3,12.1,4.1,1,7.1,1.1,0.2,0.8,0.1,5.5,9.5,15,15.1,9.5,43,23.1,19.8,412.4,25.2,32.5,297.4,57.2,8.9,1.8,7.1,0.2,0,0.2,0,0.4,0.9,7.9,0.4,3.6,0.1,2.7,1.1,0.6,0.6,0.1,5.2,"La Liga",27,47,27,0.338842975206612,0.0826446280991736,0.586776859504132,0.0909090909090909,0.181818181818182,0.727272727272727,0.537209302325581,57.7,0.436741767764298,0.139912706110572,354.6,0.838691483361534,0.202247191011236,0.222222222222222,0,0.222222222222222,0,0,0.633333333333333,0.31304347826087,0.0506329113924051,0.202247191011236,0.0705882352941176,0.317647058823529,0.191011235955056,"Atletico Madrid"
"Villarreal",15.3,9.7,25,8.5,11,12.6,2.3,0,1.9,21.1,3.4,1.4,6,3,0.1,1.6,1.3,14.1,5.3,0.9,7.9,1.6,0.3,1.1,0.2,7,12,19.1,15.2,8.1,33.3,15.9,17.5,475.2,36.1,29.4,354.2,55.4,10.8,1.9,8.9,0.1,0,0.1,0,0.9,1,10.3,0.7,2.8,0.3,2.3,0.7,0.6,0.1,0.1,7.7,"La Liga",27,44,25,0.375886524822695,0.0638297872340426,0.560283687943262,0.125,0.1875,0.6875,0.477477477477478,65.5,0.551145038167939,0.1378367003367,409.6,0.86474609375,0.175925925925926,0.1,0,0.1,0,0,0.628272251308901,0.213740458015267,0.0679611650485437,0.175925925925926,0.0566037735849057,0.216981132075472,0.0740740740740741,"Villarreal"
"Real Sociedad",14.3,8.9,23.2,8.1,12,13.7,1.9,0,2,18.5,2.5,1.5,7.1,2.7,0.1,1.6,1,11.6,3.8,1.1,6.7,1.7,0.2,1.3,0.2,6.1,9.6,15.7,15,9.4,41,21.9,19.1,479.6,25.9,27.5,362.8,63.4,8.7,1,7.7,0.3,0,0.1,0,0.7,1.1,7.9,0.7,2.8,0.2,2.1,0.7,0.4,0.5,0,5.8,"La Liga",28,44,27,0.327586206896552,0.0948275862068966,0.577586206896552,0.117647058823529,0.117647058823529,0.764705882352941,0.534146341463415,53.4,0.48501872659176,0.111342785654712,426.2,0.851243547630221,0.114942528735632,0.272727272727273,0,0.0909090909090909,0,0,0.611464968152866,0.261682242990654,0.0886075949367088,0.114942528735632,0.0481927710843373,0.253012048192771,0.137931034482759,"Real Sociedad"
"Athletic Bilbao",14.5,10.3,24.7,9.5,12.3,13.8,2.5,0,2.6,19.1,2,1.9,6.4,2.4,0.2,1.4,0.9,11.1,4.3,0.7,6.1,1.1,0.1,0.7,0.2,7.1,8.7,15.9,14.7,8.6,44.1,25.7,18.4,392.6,34.9,37,263.4,57.3,7.8,2,5.8,0.2,0,0,0.1,0.3,0.6,6.6,0.4,3.8,0.3,2.8,1.1,0.1,0.7,0,4.6,"La Liga",29,44,21,0.387387387387387,0.0630630630630631,0.549549549549549,0.181818181818182,0.0909090909090909,0.636363636363636,0.582766439909297,71.9,0.485396383866481,0.183138053998981,320.7,0.82132834424696,0.256410256410256,0.333333333333333,0,0,0.166666666666667,0.166666666666667,0.547169811320755,0.365384615384615,0.0606060606060606,0.256410256410256,0.0133333333333333,0.373333333333333,0.230769230769231,"Athletic Bilbao"
"Valencia",14,9.5,23.5,9.9,14.8,11.3,2.2,0.2,2.4,18.9,3.6,1.8,5.4,3.6,0,2.2,1.4,9.2,3.3,0.8,5.1,1.4,0.3,0.9,0.1,5.6,9.3,14.9,14.2,7.9,31.8,15.2,16.6,429.5,28.7,30.1,321.3,49.4,6.9,1.2,5.7,0.2,0,0.1,0.1,0.6,1,5.9,0.5,2.5,0.3,2,0.7,0.3,0.4,0,4.5,"La Liga",24,43,27,0.358695652173913,0.0869565217391304,0.554347826086957,0.0714285714285714,0.214285714285714,0.642857142857143,0.477987421383648,58.8,0.488095238095238,0.136903376018626,370.7,0.866738602643647,0.173913043478261,0.2,0,0.1,0.1,0.1,0.624161073825503,0.297619047619048,0.0847457627118644,0.173913043478261,0.0441176470588235,0.294117647058824,0.159420289855072,"Valencia"
"Getafe",14.5,8.6,23.1,9.4,12.9,19,3.4,0.1,3,14.9,1.6,1.2,8.4,2.1,0.2,1.3,0.6,10.7,4,0.9,5.8,1.4,0.3,0.9,0.1,5.7,7.6,13.3,16.7,8.2,50,23.6,26.4,298.5,30,49.7,155.2,63.5,7.5,1.5,6,0.5,0.1,0,0,0.4,1,6.7,0.3,3.4,0.2,2.8,0.4,0.1,0.4,0,4.2,"La Liga",34,44,23,0.373831775700935,0.0841121495327103,0.542056074766355,0.0714285714285714,0.214285714285714,0.642857142857143,0.472,79.7,0.376411543287327,0.267001675041876,218.7,0.709647919524463,0.2,0.5,0.1,0,0,0.1,0.571428571428571,0.336633663366337,0.0447761194029851,0.2,0.0140845070422535,0.394366197183099,0.106666666666667,"Getafe"
"Real Betis",13.4,8.1,21.5,8.6,15.1,12.2,2.8,0.3,2.3,18.7,3.5,1.7,5.7,2.7,0.2,1.6,0.9,12.3,4.4,0.9,7.1,1.4,0.3,0.9,0.1,7.3,11.6,19,14.6,9.7,30.5,15.4,15.1,457.4,28.4,28.4,349.7,50.9,9.3,1.2,8.1,0.1,0.1,0,0,0.8,1,8.7,0.5,2.9,0.2,2.2,0.6,0.3,0.2,0,6.7,"La Liga",27,42,24,0.357723577235772,0.0731707317073171,0.577235772357723,0.0714285714285714,0.214285714285714,0.642857142857143,0.504918032786885,56.8,0.5,0.124180148666375,400.6,0.872940589116326,0.129032258064516,0.1,0.1,0,0,0.1,0.610526315789474,0.25,0.0574712643678161,0.129032258064516,0.0326086956521739,0.239130434782609,0.0860215053763441,"Real Betis"
"Granada",16.1,8.7,24.8,10.1,13,15.6,2.9,0,2,17.4,3.3,1.5,7.2,3,0.1,1.7,1.1,10.3,4.7,0.9,4.6,1.2,0.3,0.7,0.1,7,7.9,14.9,12.6,7.8,42.4,19.2,23.3,328.1,27.2,38.7,209.2,53,6.9,1.3,5.6,0.3,0.1,0.1,0,0.5,0.9,6.5,0.1,3.5,0.1,2.2,0.9,0.1,0.2,0,4.3,"La Liga",29,43,23,0.45631067961165,0.087378640776699,0.446601941747573,0.0833333333333333,0.25,0.583333333333333,0.452830188679245,65.9,0.412746585735964,0.20085339835416,262.2,0.797864225781846,0.188405797101449,0.333333333333333,0.111111111111111,0.111111111111111,0,0.111111111111111,0.530201342281879,0.35,0.0153846153846154,0.188405797101449,0.0151515151515152,0.333333333333333,0.159420289855072,"Granada"
"Osasuna",15.7,9.2,24.9,10.1,11.4,14.6,2.8,0.2,2.3,17.3,2.7,1.8,7.3,2.3,0.1,1.2,1,13.2,5.2,1.3,6.7,1.3,0.3,0.9,0.1,5.3,8.5,13.7,16.3,8.4,44,21.9,22.1,371,31.1,40.1,235,64.9,9.4,1.8,7.7,0.3,0.1,0,0.1,0.3,0.6,8.7,0.3,4,0.3,2.9,1.1,0.1,0.4,0.1,6,"La Liga",29,45,24,0.393939393939394,0.0984848484848485,0.507575757575758,0.0769230769230769,0.230769230769231,0.692307692307692,0.497727272727273,71.2,0.436797752808989,0.191913746630728,299.9,0.783594531510504,0.191489361702128,0.5,0.166666666666667,0,0.166666666666667,0.333333333333333,0.62043795620438,0.31496062992126,0.0344827586206897,0.191489361702128,0.0111111111111111,0.322222222222222,0.159574468085106,"Osasuna"
"Celta Vigo",15.1,9.5,24.6,10.3,14.1,12.1,2.7,0.2,1.9,20.6,2.4,1.9,6.8,2.9,0.3,1.5,1.1,9.6,3.7,0.5,5.4,0.8,0.1,0.6,0.1,6.1,10.1,16.3,14.9,10.1,36.7,18.4,18.3,452.1,24.3,29.3,340,58.5,7.3,1.1,6.1,0.1,0,0.2,0,0.4,0.7,6.9,0.3,2.2,0.1,2,0.7,0.4,0.2,0,4.8,"La Liga",25,44,26,0.385416666666667,0.0520833333333333,0.5625,0.125,0.125,0.75,0.501362397820163,53.6,0.453358208955224,0.118557841185578,398.5,0.853199498117942,0.150684931506849,0.142857142857143,0,0.285714285714286,0,0,0.619631901840491,0.241758241758242,0.0434782608695652,0.150684931506849,0.0555555555555556,0.277777777777778,0.123287671232877,"Celta Vigo"
"Levante",13.3,8.7,22,8.4,12.6,12,2.1,0.1,2.3,19,3,1.9,5.4,4.6,0.3,2.8,1.4,11.5,4.8,0.9,5.8,1.2,0.3,0.7,0.2,6.3,9.5,15.8,14,7.7,29.1,14.3,14.9,373.1,28.4,33.1,258.2,53.4,8.7,1.4,7.2,0.2,0,0.1,0,0.5,0.8,8.4,0.4,2.6,0.1,1.8,0.4,0.3,0.4,0.1,6.2,"La Liga",26,41,23,0.417391304347826,0.0782608695652174,0.504347826086956,0.166666666666667,0.25,0.583333333333333,0.491408934707904,61.5,0.461788617886179,0.164835164835165,311.6,0.828626444159179,0.160919540229885,0.25,0,0.125,0,0,0.60126582278481,0.236363636363636,0.0476190476190476,0.160919540229885,0.036144578313253,0.216867469879518,0.0919540229885058,"Levante"
"Deportivo Alaves",15.9,9.4,25.2,10.6,11,16,3,0.1,1.6,20,3.3,1.9,6.7,2.4,0.1,1.6,0.7,8.7,2.5,1,5.3,1.1,0.1,0.9,0,6.2,6.9,13.1,14.4,7.8,44.2,24.5,19.7,338.3,29.4,38.1,209.6,61.1,6.6,1.4,5.2,0.2,0.1,0,0,0.4,0.6,4.6,0.5,3.4,0.2,2.4,0.8,0.2,0.7,0.1,3.7,"La Liga",25,47,22,0.28735632183908,0.114942528735632,0.609195402298851,0,0.0909090909090909,0.818181818181818,0.554298642533937,67.5,0.435555555555556,0.199527046999704,270.7,0.774288880679719,0.212121212121212,0.333333333333333,0.166666666666667,0,0,0.166666666666667,0.526717557251908,0.425,0.108695652173913,0.212121212121212,0.0317460317460317,0.380952380952381,0.227272727272727,"Deportivo Alaves"
"Eibar",14.8,9.4,24.2,11.1,11.2,14.4,2.6,0.1,2.1,16.3,2.1,1.4,6.4,2.1,0.1,1.3,0.6,11.3,4.7,0.8,5.8,1,0.2,0.6,0.1,5.4,7.5,12.9,15,9.9,53.1,25.2,27.9,368.8,34,47.9,226.4,60.5,8,1.6,6.5,0.2,0,0,0,0.4,0.7,7.3,0.1,3.6,0.2,3.1,1,0.1,0.4,0,4.7,"La Liga",35,42,24,0.415929203539823,0.0707964601769911,0.513274336283186,0.1,0.2,0.6,0.474576271186441,81.9,0.415140415140415,0.2220715835141,286.9,0.789125130707564,0.2,0.285714285714286,0,0,0,0,0.581395348837209,0.330275229357798,0.0136986301369863,0.2,0.0126582278481013,0.392405063291139,0.175,"Eibar"
"Real Valladolid",14.9,11.6,26.5,10.3,13.9,12.3,2.2,0,2.1,18,3,2,6.9,2.6,0.1,1.6,0.9,9.9,4.7,0.4,4.7,0.9,0.1,0.4,0.2,6.3,9.3,15.5,14.9,9,36.3,16.6,19.7,375.8,30.4,38.6,251.4,55.4,6.7,1.6,5.1,0.1,0,0,0,0.4,0.6,6.6,0.4,2.7,0.1,1.8,0.4,0.3,0.3,0,4.5,"La Liga",24,47,23,0.474747474747475,0.0404040404040404,0.474747474747475,0.222222222222222,0.111111111111111,0.444444444444444,0.457300275482094,69,0.440579710144928,0.183608302288451,306.8,0.819426336375489,0.238805970149254,0.166666666666667,0,0,0,0,0.6,0.290322580645161,0.0606060606060606,0.238805970149254,0.0454545454545455,0.272727272727273,0.104477611940299,"Real Valladolid"
"Leganes",16.5,8.9,25.4,11,13.1,15.4,3.2,0.1,2,19.3,2.3,1.4,6.4,2.3,0.1,1.6,0.7,11.3,4.7,0.6,5.9,0.8,0.1,0.4,0.3,6.4,8.7,15.1,14.4,7.4,46.6,21.6,25,332.5,25.4,40.6,212.3,54.2,7.6,1.8,5.7,0.2,0,0,0,0.3,0.5,6.9,0.4,3.9,0.1,2.7,0.6,0.1,0.4,0.1,4.6,"La Liga",29,45,22,0.415929203539823,0.0530973451327434,0.52212389380531,0.375,0.125,0.5,0.463519313304721,66,0.384848484848485,0.198496240601504,266.5,0.796622889305816,0.236842105263158,0.4,0,0,0,0,0.576158940397351,0.361111111111111,0.0579710144927536,0.236842105263158,0.0135135135135135,0.364864864864865,0.131578947368421,"Leganes"
"Mallorca",14.9,10,24.8,9.8,13.9,13.7,2.2,0.1,1.8,17.2,2.8,1.8,6.2,3.4,0.3,2,1,10.3,4.2,0.8,5.4,1,0.2,0.7,0.1,8.6,9.1,17.7,17.2,9.7,38.7,17.7,21,353.1,22.8,30.4,246.3,53.5,7.6,1,6.6,0.1,0,0.1,0,0.4,0.6,6.8,0.2,3,0.3,2.1,0.8,0.3,0.5,0.1,4.6,"La Liga",27,43,27,0.407766990291262,0.0776699029126214,0.524271844660194,0.1,0.2,0.7,0.457364341085271,53.2,0.428571428571429,0.150665533843104,299.8,0.821547698465644,0.131578947368421,0.166666666666667,0,0.166666666666667,0,0,0.514124293785311,0.306122448979592,0.0294117647058824,0.131578947368421,0.0428571428571429,0.3,0.171052631578947,"Mallorca"
"Espanyol",17.3,12.9,30.2,9.6,12.2,15.7,2.5,0.2,1.6,18.3,2.6,1.6,7.4,2.7,0.1,1.5,1.1,11,4.3,0.8,6,0.9,0.1,0.6,0.1,5.1,7.5,12.6,15.6,9.3,43.6,20.6,23,384,28.6,41.9,253.7,59.9,7.7,1.6,6.2,0.1,0,0,0,0.3,0.5,7.5,0.1,3.3,0.1,2.8,0.9,0.1,0.6,0,4.6,"La Liga",27,44,29,0.390909090909091,0.0727272727272727,0.545454545454545,0.111111111111111,0.111111111111111,0.666666666666667,0.472477064220183,70.5,0.405673758865248,0.18359375,313.6,0.808992346938776,0.207792207792208,0.2,0,0,0,0,0.595238095238095,0.305555555555556,0.0133333333333333,0.207792207792208,0.0133333333333333,0.373333333333333,0.194805194805195,"Espanyol"
