,Season,Team,Speed,SF,GF,xGF,SA,GA,xGA
0,2019,Sevilla,Normal,206,19,23.746063399128616,156,14,16.109902327880263
0,2019,Sevilla,Standard,111,13,13.0671965489164,78,10,8.305383301340044
0,2019,Sevilla,Fast,21,5,3.562907269690186,13,3,2.1535549722611904
0,2019,Sevilla,Slow,16,2,2.433928971644491,17,2,1.734837552998215
0,2019,Real Sociedad,Normal,191,30,25.111187145579606,185,19,18.07180402521044
0,2019,Real Sociedad,Standard,80,12,13.560058377683163,88,9,9.68891759775579
0,2019,Real Sociedad,Fast,25,3,3.7858278676867485,19,3,3.3238085536286235
0,2019,Real Sociedad,Slow,18,0,0.7638352671638131,15,2,1.8294747262261808
0,2019,Espanyol,Normal,163,9,13.041471854783595,207,29,26.509278336539865
0,2019,Espanyol,Standard,84,10,9.693015027791262,84,10,7.249603279866278
0,2019,Espanyol,Slow,31,2,3.3202056558802724,13,1,1.443830125965178
0,2019,Espanyol,Fast,21,2,4.13488081889227,26,6,4.960973484441638
0,2019,Getafe,Normal,168,19,19.40593718457967,112,16,16.86985277151689
0,2019,Getafe,Standard,94,14,13.365526730194688,64,6,9.61289433017373
0,2019,Getafe,Fast,13,3,2.524694165214896,16,2,4.3372955694794655
0,2019,Getafe,Slow,13,1,0.7966986056417227,8,1,0.31905774772167206
0,2019,Atletico Madrid,Normal,196,21,24.381620408967137,165,8,11.692051804158837
0,2019,Atletico Madrid,Standard,95,7,11.21756896469742,96,10,9.852909858338535
0,2019,Atletico Madrid,Fast,26,2,6.372919904068112,6,1,0.8735744878649712
0,2019,Atletico Madrid,Slow,10,1,0.6069063087925315,19,2,1.4552315883338451
0,2019,Valencia,Normal,146,22,20.51381842046976,276,23,28.772856272757053
0,2019,Valencia,Standard,75,13,12.939583405852318,99,12,12.869730042293668
0,2019,Valencia,Slow,15,1,1.0254128207452595,24,3,1.3824454499408603
0,2019,Valencia,Fast,12,2,2.5652310494333506,12,1,1.4920168444514275
0,2019,Athletic Club,Normal,160,13,14.29375967476517,153,13,17.803827497642487
0,2019,Athletic Club,Standard,107,12,12.469989420846105,84,7,11.223219027742743
0,2019,Athletic Club,Fast,19,3,1.7346414104104042,11,1,3.5490139424800873
0,2019,Athletic Club,Slow,16,1,2.2132871709764004,11,2,2.759515835903585
0,2019,Barcelona,Normal,238,42,39.56769594969228,170,18,16.023187823127955
0,2019,Barcelona,Standard,67,14,8.405071745626628,63,9,9.237189637497067
0,2019,Barcelona,Slow,23,4,1.605508927255869,19,1,0.8679110510274768
0,2019,Barcelona,Fast,16,3,3.1042690286412835,15,3,1.5682419259101152
0,2019,Real Madrid,Normal,284,31,35.369740716181695,141,9,13.618471465539187
0,2019,Real Madrid,Standard,112,13,14.778523607179523,65,6,7.873996025882661
0,2019,Real Madrid,Slow,27,3,1.7727578673511744,12,1,1.6625233059749007
0,2019,Real Madrid,Fast,12,2,3.2313843443989754,13,3,2.299239933490753
0,2019,Levante,Normal,199,21,22.50993239786476,264,22,31.690289731603116
0,2019,Levante,Standard,73,10,9.398756540380418,115,13,14.617149472236633
0,2019,Levante,Fast,23,1,2.9438242269679904,32,4,4.532862431369722
0,2019,Levante,Slow,15,0,0.6326265390962362,28,1,2.3544977167621255
0,2019,Celta Vigo,Normal,168,10,16.28183751553297,196,17,19.137244381010532
0,2019,Celta Vigo,Standard,65,8,7.89643126167357,99,11,10.32289651967585
0,2019,Celta Vigo,Fast,17,4,3.7911063693463802,12,3,2.537696599960327
0,2019,Celta Vigo,Slow,12,0,0.7237439388409257,19,3,1.617530117277056
0,2019,Real Betis,Normal,202,18,18.555849353782833,200,26,22.668335247784853
0,2019,Real Betis,Standard,83,13,11.426061946898699,105,16,15.62625870667398
0,2019,Real Betis,Slow,26,2,1.3869062256999314,14,0,0.6320917205885053
0,2019,Real Betis,Fast,21,5,4.444726098328829,22,1,3.1622984600253403
0,2019,Villarreal,Normal,263,25,29.922999432776123,221,20,20.784403841011226
0,2019,Villarreal,Standard,84,12,13.449055404402316,103,15,14.267969094216824
0,2019,Villarreal,Slow,18,2,2.5753632551059127,23,2,1.9451197255402803
0,2019,Villarreal,Fast,17,5,3.3006363147869706,17,1,2.123896263539791
0,2019,Granada,Normal,156,15,17.360323949716985,185,22,19.2628140472807
0,2019,Granada,Standard,95,11,10.45975727494806,93,7,9.307158195413649
0,2019,Granada,Slow,16,2,1.8792503336444497,23,2,1.6009282683953643
0,2019,Granada,Fast,11,5,2.257709067314863,22,1,2.136371321976185
0,2019,Eibar,Normal,166,10,12.815170577261597,167,25,24.422679824754596
0,2019,Eibar,Standard,99,12,12.476023362018168,70,9,9.333145728334785
0,2019,Eibar,Slow,20,3,1.4546171622350812,6,1,1.3299899641424417
0,2019,Eibar,Fast,16,2,2.731594743207097,26,6,6.315754408016801
0,2019,Osasuna,Normal,209,16,22.32156180916354,171,18,19.478752115741372
0,2019,Osasuna,Standard,111,13,12.320112305693328,93,13,12.06188995204866
0,2019,Osasuna,Fast,26,4,3.567161589395255,22,5,4.567021845839918
0,2019,Osasuna,Slow,13,1,0.888760513626039,13,2,0.9840371459722519
0,2019,Alaves,Normal,111,16,13.665053883567452,188,17,20.087864122353494
0,2019,Alaves,Standard,93,12,12.368376064579934,119,15,15.512707053683698
0,2019,Alaves,Fast,21,1,4.354122830554843,19,4,3.947795692831278
0,2019,Alaves,Slow,10,0,0.3001499241217971,11,1,0.739941444247961
0,2019,Leganes,Normal,182,11,15.716726797632873,157,22,20.42122737970203
0,2019,Leganes,Standard,97,6,9.388732254505157,75,14,11.695530431810766
0,2019,Leganes,Fast,19,4,3.0794098703190684,16,2,4.19052416831255
0,2019,Leganes,Slow,4,0,0.23031765408813953,15,1,1.7170104905962944
0,2019,Real Valladolid,Normal,169,15,15.734272956848145,213,20,27.157389362342656
0,2019,Real Valladolid,Standard,76,7,7.548300609923899,102,10,12.446280339732766
0,2019,Real Valladolid,Fast,14,0,2.1152488216757774,16,3,3.2827669540420175
0,2019,Real Valladolid,Slow,8,1,1.411600527819246,18,0,0.5849725464358926
0,2019,Mallorca,Normal,170,17,16.325230227783322,220,22,26.058021278120577
0,2019,Mallorca,Standard,88,8,11.915050901472569,94,18,17.038363160565495
0,2019,Mallorca,Slow,14,2,1.9682890959084034,17,0,1.029220241587609
0,2019,Mallorca,Fast,8,1,1.2776859253644943,23,4,3.5252738557755947
0,2019,Aston Villa,Normal,219,20,21.631506375037134,300,29,35.02423103293404
0,2019,Aston Villa,Standard,93,11,11.207276651635766,141,19,18.761699687689543
0,2019,Aston Villa,Fast,18,3,2.953339507803321,37,6,7.285148590803146
0,2019,Aston Villa,Slow,16,0,0.8848935700953007,29,2,2.3611792689189315
0,2019,Everton,Normal,198,21,25.213320684153587,198,22,21.964392675086856
0,2019,Everton,Standard,143,11,17.157007764093578,83,13,9.853757017292082
0,2019,Everton,Fast,29,5,5.143277687951922,25,9,6.125019358471036
0,2019,Everton,Slow,19,0,1.6956100724637508,11,2,1.4738281276077032
0,2019,Bournemouth,Normal,158,11,17.61829236522317,301,30,31.697686060331762
0,2019,Bournemouth,Standard,110,15,13.596279360353947,96,11,11.717025325633585
0,2019,Bournemouth,Fast,17,3,3.148480144329369,31,5,5.57601273432374
0,2019,Bournemouth,Slow,12,0,1.6444395873695612,25,1,1.930352128110826
0,2019,Southampton,Normal,213,20,24.289046951103956,217,35,27.741347044706345
0,2019,Southampton,Standard,119,10,12.950211129151285,95,12,12.78787369839847
0,2019,Southampton,Fast,21,4,3.6271604988723993,25,4,3.3126823492348194
0,2019,Southampton,Slow,18,1,1.5193078154698014,17,1,1.7293057041242719
0,2019,Leicester,Normal,234,31,24.02184289228171,180,15,19.190963023342192
0,2019,Leicester,Standard,110,12,13.804758056998253,87,10,12.332672769203782
0,2019,Leicester,Fast,36,11,9.049772344529629,25,3,4.264762639068067
0,2019,Leicester,Slow,27,4,3.452087459154427,16,0,1.8321326281875372
0,2019,Crystal Palace,Normal,165,13,15.622890945523977,233,21,25.347161190584302
0,2019,Crystal Palace,Standard,91,8,9.110170636326075,118,6,12.902036175131798
0,2019,Crystal Palace,Fast,23,3,2.8067803950980306,26,1,3.3785636397078633
0,2019,Crystal Palace,Slow,10,2,2.2433954002335668,20,4,4.9871524181216955
0,2019,Norwich,Normal,212,18,20.719149431213737,260,30,29.63883130904287
0,2019,Norwich,Standard,90,5,9.668552961200476,126,16,18.692127339541912
0,2019,Norwich,Fast,19,1,2.417941039428115,27,4,4.581752682104707
0,2019,Norwich,Slow,15,1,0.8111111642792821,37,2,4.002147710882127
0,2019,Chelsea,Normal,299,31,37.65302448067814,131,22,17.109690703451633
0,2019,Chelsea,Standard,124,13,13.368048209697008,85,12,12.078567256219685
0,2019,Chelsea,Slow,40,3,3.318711567670107,20,2,3.5433196243830025
0,2019,Chelsea,Fast,18,4,2.147360099479556,14,3,1.6103032939136028
0,2019,West Ham,Normal,184,19,19.71429671626538,233,32,34.58637308143079
0,2019,West Ham,Standard,88,12,11.972270498983562,116,15,17.714599568396807
0,2019,West Ham,Fast,21,3,3.1238318011164665,22,2,4.854992489330471
0,2019,West Ham,Slow,9,1,0.5477605620399117,22,1,2.5553036304190755
0,2019,Tottenham,Normal,222,30,24.331022462807596,267,28,29.6028599338606
0,2019,Tottenham,Standard,70,10,7.6841571712866426,109,9,12.166074814274907
0,2019,Tottenham,Fast,40,5,7.1372851729393005,18,2,3.842433039098978
0,2019,Tottenham,Slow,22,2,3.50075638666749,25,1,1.3699555648490787
0,2019,Arsenal,Normal,195,22,23.855109617114067,246,18,21.170292207505554
0,2019,Arsenal,Standard,82,11,8.740846762433648,121,16,17.21044232463464
0,2019,Arsenal,Slow,18,3,3.515954554080963,30,1,2.829984557814896
0,2019,Arsenal,Fast,17,4,2.865598663687706,19,1,1.9164143055677414
0,2019,Newcastle United,Normal,190,14,16.916848400142044,261,21,30.96765622217208
0,2019,Newcastle United,Standard,79,11,6.333529110997915,130,9,13.556919886730611
0,2019,Newcastle United,Fast,18,0,2.5883728424087167,21,7,5.293988473713398
0,2019,Newcastle United,Slow,12,0,0.4014458074234426,33,4,4.05887006316334
0,2019,Liverpool,Normal,278,36,37.10494950041175,186,14,20.077463265042752
0,2019,Liverpool,Standard,104,16,13.206995912827551,61,4,5.47713887412101
0,2019,Liverpool,Slow,40,2,5.57607386354357,8,1,0.5848884712904692
0,2019,Liverpool,Fast,33,12,8.02323005720973,19,2,2.739250206388533
0,2019,Manchester City,Normal,348,50,48.510210330598056,126,18,18.711735602468252
0,2019,Manchester City,Standard,121,12,15.015262484550476,56,9,5.917084777727723
0,2019,Manchester City,Slow,53,3,6.2067152466624975,14,2,1.9607797805219889
0,2019,Manchester City,Fast,19,3,4.11096004024148,15,2,2.4376407992094755
0,2019,Manchester United,Normal,270,26,25.900937898550183,172,16,18.283250337466598
0,2019,Manchester United,Standard,107,13,18.221216742880642,96,12,9.512954339385033
0,2019,Manchester United,Slow,28,0,1.249094962142408,13,0,1.0075103109702468
0,2019,Manchester United,Fast,26,5,5.857427284121513,21,2,3.197336479090154
0,2019,Watford,Normal,204,17,22.101435038261116,227,20,25.107365002389997
0,2019,Watford,Standard,80,5,8.127825393341482,99,16,13.720963931642473
0,2019,Watford,Fast,26,3,5.219501934014261,27,5,5.273299485445023
0,2019,Watford,Slow,18,2,1.9908859729766846,21,3,3.8864745358005166
0,2019,Burnley,Normal,160,19,18.749720603227615,248,25,26.21927115879953
0,2019,Burnley,Standard,108,12,18.500326434616,97,5,8.944606301374733
0,2019,Burnley,Fast,24,3,4.051284779794514,29,8,4.362159013748169
0,2019,Burnley,Slow,10,0,0.7280723080039024,29,2,2.1470814030617476
0,2019,Brighton,Normal,242,18,23.26071491651237,215,23,24.168951043859124
0,2019,Brighton,Standard,99,11,14.095351414754987,91,12,14.530647337436676
0,2019,Brighton,Slow,24,3,4.6860938016325235,21,0,1.9423340475186706
0,2019,Brighton,Fast,15,0,1.4022274371236563,34,5,7.328668287023902
0,2019,Wolverhampton Wanderers,Normal,228,26,29.9748615603894,195,23,19.074557088315487
0,2019,Wolverhampton Wanderers,Standard,92,12,11.652515042573214,90,7,7.416867329739034
0,2019,Wolverhampton Wanderers,Fast,27,1,3.584116294980049,17,2,2.9953526742756367
0,2019,Wolverhampton Wanderers,Slow,25,2,2.220018446445465,27,2,3.698433971963823
0,2019,Sheffield United,Normal,167,18,21.329796857200563,190,18,22.83490004390478
0,2019,Sheffield United,Standard,83,7,12.211241405457258,96,4,11.329784389585257
0,2019,Sheffield United,Fast,25,3,4.737008560448885,20,3,3.6191760450601578
0,2019,Sheffield United,Slow,14,2,2.2598217111080885,12,0,0.5512163117527962
0,2019,Bayern Munich,Normal,318,53,55.56118917930871,138,15,17.302626058459282
0,2019,Bayern Munich,Standard,103,12,10.11579588148743,56,7,7.544351329095662
0,2019,Bayern Munich,Slow,34,4,3.9221610743552446,10,1,1.0056326687335968
0,2019,Bayern Munich,Fast,16,4,4.6079021990299225,24,3,4.079477606341243
0,2019,Bayer Leverkusen,Normal,238,28,30.649650821927935,156,23,22.877548162825406
0,2019,Bayer Leverkusen,Standard,96,9,11.136997243389487,77,5,8.950195317622274
0,2019,Bayer Leverkusen,Fast,29,5,5.697315039113164,30,1,5.0860551949590445
0,2019,Bayer Leverkusen,Slow,27,3,3.4673233083449304,14,1,0.2765348181128502
0,2019,Hoffenheim,Normal,179,21,19.204916910268366,230,27,28.588027903810143
0,2019,Hoffenheim,Standard,107,12,14.273672393523157,99,8,10.817928577773273
0,2019,Hoffenheim,Fast,18,1,3.7280432283878326,27,7,7.299247110262513
0,2019,Hoffenheim,Slow,14,1,1.333810650743544,18,1,2.246342889033258
0,2019,Augsburg,Normal,167,21,19.909759652335197,237,34,29.768115436192602
0,2019,Augsburg,Standard,75,8,9.87054138444364,86,7,9.978808861225843
0,2019,Augsburg,Fast,25,7,4.916076043620706,20,9,5.617119632661343
0,2019,Augsburg,Slow,6,0,0.5629875957965851,17,2,2.995816799812019
0,2019,Hertha Berlin,Normal,171,22,19.59743380639702,214,25,21.78841495141387
0,2019,Hertha Berlin,Standard,74,7,7.081053805537522,93,15,13.81835108390078
0,2019,Hertha Berlin,Fast,21,1,3.7514901533722878,18,5,4.121979218907654
0,2019,Hertha Berlin,Slow,6,2,2.1316992044448853,29,3,3.254676504060626
0,2019,Werder Bremen,Normal,199,17,16.263986815698445,230,28,27.237629236653447
0,2019,Werder Bremen,Standard,82,7,9.835481685586274,93,17,11.250557117164135
0,2019,Werder Bremen,Fast,19,2,1.4196751462295651,25,7,5.67031563911587
0,2019,Werder Bremen,Slow,11,1,1.2611355148255825,20,3,1.8780734222382307
0,2019,Schalke 04,Normal,177,16,16.659237436018884,223,17,23.028281440027058
0,2019,Schalke 04,Standard,84,9,9.23179226461798,104,15,13.105176739394665
0,2019,Schalke 04,Slow,19,4,2.7675465075299144,17,1,1.5035218331031501
0,2019,Schalke 04,Fast,15,4,3.946661937981844,17,3,2.6713978815823793
0,2019,Mainz 05,Normal,211,21,22.538865331560373,231,29,26.46652274299413
0,2019,Mainz 05,Standard,99,8,7.831035327166319,109,15,13.583190479315817
0,2019,Mainz 05,Fast,19,4,3.730991005897522,30,5,4.9268043814226985
0,2019,Mainz 05,Slow,14,1,1.8323416206985712,14,4,2.8250954961404204
0,2019,Borussia Dortmund,Normal,219,42,32.39471392240375,155,18,19.411468625068665
0,2019,Borussia Dortmund,Standard,79,10,7.6139652682468295,67,7,6.9303097212687135
0,2019,Borussia Dortmund,Slow,24,4,2.240924715064466,23,4,5.030918603297323
0,2019,Borussia Dortmund,Fast,24,12,8.129042644053698,20,4,4.246354892849922
0,2019,Borussia M.Gladbach,Normal,211,28,33.50103454757482,213,18,18.755686931777745
0,2019,Borussia M.Gladbach,Standard,94,13,14.004217273555696,119,6,10.542804277502
0,2019,Borussia M.Gladbach,Fast,23,5,5.666489019989967,19,5,4.965539678931236
0,2019,Borussia M.Gladbach,Slow,14,3,3.648750787600875,11,1,0.39290317706763744
0,2019,Wolfsburg,Normal,196,21,23.012996280565858,177,16,15.640493326820433
0,2019,Wolfsburg,Standard,109,9,11.475468310061842,82,11,9.285398517735302
0,2019,Wolfsburg,Fast,26,2,2.6891321670264006,18,3,3.250632042065263
0,2019,Wolfsburg,Slow,17,2,2.1210523825138807,12,0,0.35644745640456676
0,2019,Eintracht Frankfurt,Normal,214,21,24.031271933112293,198,26,20.43686536233872
0,2019,Eintracht Frankfurt,Standard,108,12,11.82267484581098,81,10,9.363175134174526
0,2019,Eintracht Frankfurt,Fast,21,2,2.6532066725194454,22,3,3.525977086275816
0,2019,Eintracht Frankfurt,Slow,20,3,3.5119251213036478,13,2,2.0731044188141823
0,2019,FC Cologne,Normal,182,15,17.024526947177947,193,23,22.607665826566517
0,2019,FC Cologne,Standard,101,15,14.241524756886065,103,12,10.834697354584932
0,2019,FC Cologne,Fast,24,7,5.334478763863444,26,6,4.172121088951826
0,2019,FC Cologne,Slow,17,2,1.5432060780003667,21,4,3.0999868288636208
0,2019,Freiburg,Normal,193,14,16.31717713177204,276,19,28.412289245054126
0,2019,Freiburg,Standard,111,13,14.105149055831134,115,9,13.956985416822135
0,2019,Freiburg,Fast,19,3,3.549267966300249,22,5,4.194476613774896
0,2019,Freiburg,Slow,13,4,3.2874187137931585,23,2,1.8633028166368604
0,2019,RasenBallsport Leipzig,Normal,238,33,33.02123468089849,155,18,16.942007430829108
0,2019,RasenBallsport Leipzig,Standard,108,16,15.54703803313896,66,5,6.258375968784094
0,2019,RasenBallsport Leipzig,Fast,37,9,8.71158853545785,19,2,2.8684039004147053
0,2019,RasenBallsport Leipzig,Slow,25,4,1.8744068909436464,15,1,1.942999180406332
0,2019,Paderborn,Normal,195,18,15.975375201087445,209,30,30.74177580419928
0,2019,Paderborn,Standard,83,6,8.061211022082716,124,16,12.509943543933332
0,2019,Paderborn,Fast,27,6,5.386261772364378,23,6,4.491165470331907
0,2019,Paderborn,Slow,9,0,0.4631390096619725,12,2,2.0725679509341717
0,2019,Fortuna Duesseldorf,Normal,185,15,15.404844851233065,213,28,30.513785652816296
0,2019,Fortuna Duesseldorf,Standard,93,8,9.354384300298989,120,13,17.229466885328293
0,2019,Fortuna Duesseldorf,Fast,20,4,2.0246532214805484,23,4,5.132543816231191
0,2019,Fortuna Duesseldorf,Slow,13,0,0.2282567685469985,14,5,3.571722151711583
0,2019,Union Berlin,Normal,170,9,12.728760124184191,215,21,23.277771435678005
0,2019,Union Berlin,Standard,100,14,14.88433452975005,112,10,14.526621055789292
0,2019,Union Berlin,Fast,27,7,5.044166540727019,27,7,4.666830802336335
0,2019,Union Berlin,Slow,19,2,2.519236153922975,19,3,2.327675082720816
0,2019,Verona,Normal,175,15,22.259038330055773,274,14,19.661580685526133
0,2019,Verona,Standard,83,11,13.518262086436152,89,11,12.149727228097618
0,2019,Verona,Fast,16,0,2.037523399107158,16,1,2.1274259109050035
0,2019,Verona,Slow,15,3,1.4325087238103151,24,0,1.3968149088323116
0,2019,Roma,Normal,262,23,30.09040106832981,177,20,17.68641478056088
0,2019,Roma,Standard,147,18,18.93520910665393,72,12,11.278720878995955
0,2019,Roma,Slow,27,6,5.738068975508213,19,1,1.8443612242117524
0,2019,Roma,Fast,18,4,3.5299472734332085,22,2,2.86398798879236
0,2019,Lazio,Normal,259,33,26.018318578600883,228,15,18.679932991974056
0,2019,Lazio,Standard,98,20,19.133000859059393,84,6,8.779096245765686
0,2019,Lazio,Fast,33,5,5.14206844009459,16,0,1.539361055009067
0,2019,Lazio,Slow,23,2,2.2555045345798135,23,2,3.630163607187569
0,2019,Bologna,Normal,254,19,26.087076387368143,217,24,20.0692458152771
0,2019,Bologna,Standard,86,14,14.569041927345097,86,13,10.732785464264452
0,2019,Bologna,Slow,24,2,3.85724853631109,16,1,2.0066504757851362
0,2019,Bologna,Fast,20,3,3.1895432053133845,29,4,3.4600110007449985
0,2019,Juventus,Normal,288,29,28.635550264269114,198,11,12.930710195563734
0,2019,Juventus,Standard,112,18,17.320895804092288,86,9,12.50327236391604
0,2019,Juventus,Slow,36,1,2.993140487000346,14,4,1.3283584509044886
0,2019,Juventus,Fast,20,2,2.542174360714853,15,0,1.3099338235333562
0,2019,Udinese,Normal,224,15,18.728285760618746,258,23,25.375533453654498
0,2019,Udinese,Standard,75,4,5.335405444726348,105,13,12.677777539938688
0,2019,Udinese,Slow,22,0,1.2840757258236408,25,0,1.0970815140753984
0,2019,Udinese,Fast,18,2,2.6763800717890263,11,1,2.121002458035946
0,2019,Genoa,Normal,189,16,18.391513298265636,266,23,24.483922625891864
0,2019,Genoa,Standard,96,10,14.14797506481409,105,18,13.977744840085506
0,2019,Genoa,Slow,16,2,0.6039395588450134,31,4,3.0346676474437118
0,2019,Genoa,Fast,13,3,4.175700809806585,23,2,3.3901400016620755
0,2019,Sampdoria,Normal,241,13,16.284985180478543,192,24,21.953010669909418
0,2019,Sampdoria,Standard,94,11,11.735921037383378,85,13,10.461456379853189
0,2019,Sampdoria,Fast,17,2,2.7983473669737577,18,2,2.5631213998422027
0,2019,Sampdoria,Slow,16,2,0.911142966710031,14,5,2.3249226910993457
0,2019,Sassuolo,Normal,231,33,22.324536826927215,226,17,20.308807335793972
0,2019,Sassuolo,Standard,86,3,7.537895223125815,78,16,16.171423679217696
0,2019,Sassuolo,Slow,21,1,1.224188138730824,15,1,1.5144696943461895
0,2019,Sassuolo,Fast,19,4,2.9590094704180956,35,5,7.377422941848636
0,2019,Napoli,Normal,319,26,31.012950907461345,202,22,18.800192501861602
0,2019,Napoli,Standard,117,11,12.060504695400596,80,9,9.606612571515143
0,2019,Napoli,Slow,26,2,1.2058145366609097,12,0,0.609946271404624
0,2019,Napoli,Fast,20,2,2.7292694663628936,16,5,4.271297212690115
0,2019,Inter,Normal,257,25,28.780996832065284,210,16,15.89750063046813
0,2019,Inter,Standard,97,15,11.2926652636379,82,4,9.885782181285322
0,2019,Inter,Slow,30,4,2.3652962697669864,17,1,0.48921917099505663
0,2019,Inter,Fast,21,5,2.5012612408027053,13,3,1.2430451326072216
0,2019,Atalanta,Normal,336,45,41.979897796176374,179,20,17.323060653172433
0,2019,Atalanta,Standard,124,18,17.740237541496754,74,10,9.934243600815535
0,2019,Atalanta,Fast,24,5,4.443771816790104,17,4,2.7209989111870527
0,2019,Atalanta,Slow,20,2,2.069223500788212,12,0,0.380619952455163
0,2019,Fiorentina,Normal,220,16,19.977355039678514,175,20,17.564164334908128
0,2019,Fiorentina,Standard,114,13,13.346852886490524,90,10,12.115423038601875
0,2019,Fiorentina,Fast,25,2,2.483559012413025,20,5,3.680289345793426
0,2019,Fiorentina,Slow,19,1,1.2626025788486004,20,1,1.5333316624164581
0,2019,AC Milan,Normal,274,12,23.323221365455538,202,23,21.09880472905934
0,2019,AC Milan,Standard,82,12,10.280007239431143,81,11,11.485395517200232
0,2019,AC Milan,Fast,29,1,3.5698645878583193,16,0,1.8520712768658996
0,2019,AC Milan,Slow,29,3,2.7694988176226616,16,0,1.011678084731102
0,2019,Torino,Normal,155,16,15.054911150597036,253,22,25.976302511058748
0,2019,Torino,Standard,84,11,9.164580391254276,127,17,14.952378104440868
0,2019,Torino,Slow,21,0,1.139196664094925,18,1,1.6881357710808516
0,2019,Torino,Fast,15,1,1.4672465957701206,30,5,3.8704419005662203
0,2019,Cagliari,Normal,203,24,16.425244369078428,241,24,25.465515567921102
0,2019,Cagliari,Standard,59,9,9.224487309344113,119,12,14.390428800135851
0,2019,Cagliari,Fast,28,7,4.402224357239902,12,1,2.003471402451396
0,2019,Cagliari,Slow,13,1,2.2516019586473703,22,3,3.4700676081702113
0,2019,SPAL 2013,Normal,215,11,13.947663832455873,274,30,34.303160450421274
0,2019,SPAL 2013,Standard,98,9,13.285311460494995,115,11,11.86991759762168
0,2019,SPAL 2013,Slow,22,0,1.4922298854216933,23,3,2.9405502500012517
0,2019,SPAL 2013,Fast,12,0,1.7169361896812916,22,0,2.4826041040942073
0,2019,Parma Calcio 1913,Normal,172,18,16.395984245464206,302,19,24.356933259405196
0,2019,Parma Calcio 1913,Standard,78,5,6.088537876494229,106,8,10.14890824444592
0,2019,Parma Calcio 1913,Fast,33,7,6.082974745891988,18,3,2.2657155375927687
0,2019,Parma Calcio 1913,Slow,17,2,0.9522859547287226,26,1,1.8439151495695114
0,2019,Brescia,Normal,154,11,16.75717379990965,295,24,29.016330709680915
0,2019,Brescia,Standard,94,11,10.599859710782766,112,18,14.844229441601783
0,2019,Brescia,Slow,16,0,1.5649007521569729,34,1,2.205889266449958
0,2019,Brescia,Fast,14,0,1.6678684698417783,36,6,4.835437401197851
0,2019,Lecce,Normal,250,20,19.662200315389782,309,29,41.186181446537375
0,2019,Lecce,Standard,77,14,11.807209226302803,125,16,19.15853643696755
0,2019,Lecce,Fast,15,0,1.4583416488021612,25,6,5.596233723685145
0,2019,Lecce,Slow,7,0,0.2023628237657249,39,5,3.2239879886619747
0,2019,Lille,Normal,206,17,21.019660270772874,162,14,18.438441454432905
0,2019,Lille,Standard,99,11,14.516443714499474,92,9,10.698307279497385
0,2019,Lille,Fast,24,6,5.081997929140925,17,3,2.2677438128739595
0,2019,Lille,Slow,22,1,1.4338604304939508,8,1,1.849476171657443
0,2019,Paris Saint Germain,Normal,308,49,56.50975420838222,168,16,12.512631715275347
0,2019,Paris Saint Germain,Standard,103,17,17.48093586601317,71,4,7.287008220329881
0,2019,Paris Saint Germain,Slow,21,3,3.204999149776995,14,1,1.1761747002601624
0,2019,Paris Saint Germain,Fast,20,6,4.439033018425107,15,3,2.467386392876506
0,2019,Rennes,Normal,203,23,17.531929205171764,225,14,16.262243492994457
0,2019,Rennes,Standard,95,10,13.720704378560185,99,10,11.168265770189464
0,2019,Rennes,Slow,25,1,1.9140352485701442,20,0,0.5728546716272831
0,2019,Rennes,Fast,22,4,4.233629988506436,15,0,1.385728033259511
0,2019,Marseille,Normal,228,25,22.67403451120481,155,17,18.14814183721319
0,2019,Marseille,Standard,122,13,13.208197988569736,86,6,10.540501239709556
0,2019,Marseille,Fast,14,1,2.1120850164443254,23,1,3.2629984887316823
0,2019,Marseille,Slow,14,2,1.851275366730988,18,5,3.8097880436107516
0,2019,Montpellier,Normal,208,21,18.095449363347143,236,20,17.732193721458316
0,2019,Montpellier,Standard,111,12,14.943027652800083,99,10,11.976787897758186
0,2019,Montpellier,Fast,24,1,2.6810918943956494,21,2,3.0759813003242016
0,2019,Montpellier,Slow,12,1,1.3549954826012254,17,2,1.7642901414074004
0,2019,Angers,Normal,224,18,17.04717006161809,162,18,15.511095074936748
0,2019,Angers,Standard,100,6,7.13196497131139,66,7,7.292409381829202
0,2019,Angers,Fast,22,3,2.734609075821936,29,8,5.267956949770451
0,2019,Angers,Slow,17,1,1.913932987023145,11,0,0.31067097187042236
0,2019,Nantes,Normal,193,16,16.970103048719466,179,23,16.754401355981827
0,2019,Nantes,Standard,99,6,8.134337955154479,90,7,11.344954364933074
0,2019,Nantes,Fast,27,3,3.6366297136992216,15,1,1.9907601345330477
0,2019,Nantes,Slow,19,3,4.2899131225422025,18,0,0.6512576155364513
0,2019,Nice,Normal,202,20,20.765787372365594,240,21,24.531614625826478
0,2019,Nice,Standard,109,14,14.048462997190654,119,14,15.52388425823301
0,2019,Nice,Slow,19,3,2.3624025993049145,17,1,1.1223399806767702
0,2019,Nice,Fast,10,4,1.2341748606413603,17,2,3.8228412494063377
0,2019,Monaco,Normal,230,29,31.2314528003335,225,23,25.006592539139092
0,2019,Monaco,Standard,104,12,12.104566945694387,99,16,12.562780490145087
0,2019,Monaco,Fast,28,3,5.173889538273215,27,3,3.9944370333105326
0,2019,Monaco,Slow,16,0,1.1457106675952673,18,2,0.7474221414886415
0,2019,Toulouse,Normal,194,10,17.85851438064128,265,38,31.346165271941572
0,2019,Toulouse,Standard,91,9,11.570347303524613,105,12,12.429752336815
0,2019,Toulouse,Fast,24,3,2.537296984344721,29,5,4.015165970660746
0,2019,Toulouse,Slow,8,0,0.43749532103538513,15,3,2.7427485729567707
0,2019,Saint-Etienne,Normal,187,16,17.548321046400815,198,26,21.157830828800797
0,2019,Saint-Etienne,Standard,89,10,10.316590390633792,78,10,10.289503836072981
0,2019,Saint-Etienne,Fast,21,2,2.391323552466929,27,9,5.72209844738245
0,2019,Saint-Etienne,Slow,10,1,0.5887526110745966,21,0,0.9326042532920837
0,2019,Bordeaux,Normal,166,16,14.367353573441505,226,20,23.241668277885765
0,2019,Bordeaux,Standard,96,14,10.762893937528133,97,8,10.1489641899243
0,2019,Bordeaux,Slow,27,3,0.8067298382520676,17,2,0.8879170594736934
0,2019,Bordeaux,Fast,22,7,4.600857989862561,19,4,2.4947545947507024
0,2019,Reims,Normal,219,13,16.789844060316682,148,10,11.391553371213377
0,2019,Reims,Standard,88,11,10.315209810622036,100,8,12.734088060446084
0,2019,Reims,Fast,13,2,1.7222215244546533,13,2,1.6857683081179857
0,2019,Reims,Slow,9,0,0.22121135983616114,23,1,1.4729941291734576
0,2019,Lyon,Normal,239,24,21.30811017099768,196,17,15.212039666250348
0,2019,Lyon,Standard,80,8,10.560216160491109,75,5,8.458485521376133
0,2019,Lyon,Fast,21,7,2.8696750327944756,17,3,1.6691699931398034
0,2019,Lyon,Slow,20,3,1.6670645121484995,24,2,2.5224675978533924
0,2019,Metz,Normal,187,16,13.487868045922369,244,19,21.356883513741195
0,2019,Metz,Standard,83,8,8.56411353033036,110,12,12.764740725047886
0,2019,Metz,Fast,24,2,2.283950191922486,19,4,1.6359107131138444
0,2019,Metz,Slow,16,1,0.3540038629435003,15,0,0.8286032443866134
0,2019,Dijon,Normal,198,20,17.35284128319472,257,16,25.131317398510873
0,2019,Dijon,Standard,97,5,7.177344046533108,88,12,8.830929002258927
0,2019,Dijon,Fast,27,1,2.692575472407043,23,6,5.3172607105225325
0,2019,Dijon,Slow,15,1,1.4216033350676298,30,3,2.8685673596337438
0,2019,Amiens,Normal,135,16,12.673264886252582,264,27,25.992340273223817
0,2019,Amiens,Standard,62,9,8.704099864698946,97,17,8.963675645180047
0,2019,Amiens,Fast,24,4,4.309976549819112,33,5,4.652724982239306
0,2019,Amiens,Slow,14,2,0.6455934718251228,15,1,0.7047425452619791
0,2019,Strasbourg,Normal,210,19,19.889549726620317,171,21,19.263589343987405
0,2019,Strasbourg,Standard,83,9,9.704260025173426,76,10,12.331651309505105
0,2019,Strasbourg,Slow,17,0,1.4518468994647264,10,0,0.6761292675510049
0,2019,Strasbourg,Fast,17,4,3.6166322687640786,15,1,1.7278632642701268
0,2019,Nimes,Normal,216,15,16.122477965429425,205,25,23.4574839156121
0,2019,Nimes,Standard,102,10,10.684116950258613,101,11,12.08022432308644
0,2019,Nimes,Slow,23,1,0.7726273443549871,15,2,1.7353475913405418
0,2019,Nimes,Fast,13,3,2.7444239296019077,27,6,5.369791176170111
0,2019,Brest,Normal,221,25,19.424727687146515,248,23,26.21998598985374
0,2019,Brest,Standard,65,4,9.256524822674692,130,10,15.477445459924638
0,2019,Brest,Fast,21,4,2.884749570861459,17,2,2.1544825471937656
0,2019,Brest,Slow,18,1,0.555767981801182,16,2,1.0174255333840847
0,2019,Spartak Moscow,Normal,247,10,20.31885007955134,182,11,14.246853300835937
0,2019,Spartak Moscow,Standard,81,8,8.17038599587977,77,9,8.800528291612864
0,2019,Spartak Moscow,Fast,25,5,2.7324866680428386,23,1,3.8604879239574075
0,2019,Spartak Moscow,Slow,20,1,1.7971200617030263,20,2,2.6391601227223873
0,2019,FC Ufa,Normal,149,8,10.696470930241048,219,13,18.361684784293175
0,2019,FC Ufa,Standard,51,6,5.441627490334213,66,5,6.737972845323384
0,2019,FC Ufa,Fast,17,1,2.2572853546589613,18,0,1.3931354582309723
0,2019,FC Ufa,Slow,11,1,1.678266509436071,28,1,2.517451997846365
0,2019,CSKA Moscow,Normal,236,18,17.89192129764706,184,9,11.698844738770276
0,2019,CSKA Moscow,Standard,80,8,10.201654073782265,57,9,9.476410667877644
0,2019,CSKA Moscow,Slow,29,2,3.1653083404526114,10,1,0.39578341878950596
0,2019,CSKA Moscow,Fast,20,1,1.6556464480236173,26,3,4.049728491343558
0,2019,Rubin Kazan,Normal,187,8,15.103934563696384,225,17,23.197932894341648
0,2019,Rubin Kazan,Standard,59,2,3.5424736868590117,72,3,6.920629818923771
0,2019,Rubin Kazan,Fast,14,2,1.7419941555708647,25,0,2.6788560189306736
0,2019,Rubin Kazan,Slow,12,0,0.3481272775679827,19,2,2.3967023817822337
0,2019,FC Rostov,Normal,226,25,20.11804989306256,192,15,14.295272251125425
0,2019,FC Rostov,Standard,89,7,9.10035636043176,78,11,13.023317302577198
0,2019,FC Rostov,Slow,31,3,1.9789295587688684,11,2,3.06353419739753
0,2019,FC Rostov,Fast,22,4,4.7981966799125075,19,6,3.357762860134244
0,2019,FK Akhmat,Normal,155,6,10.12564363470301,189,19,20.308910785242915
0,2019,FK Akhmat,Standard,81,8,10.031161596998572,82,5,6.815337287262082
0,2019,FK Akhmat,Fast,18,1,2.54049879219383,16,3,1.9605552610009909
0,2019,FK Akhmat,Slow,16,1,0.6322038695216179,17,2,1.9383277846500278
0,2019,Zenit St. Petersburg,Normal,247,21,29.73337332624942,172,3,10.209359919186682
0,2019,Zenit St. Petersburg,Standard,92,14,12.700027843005955,48,4,4.916616923175752
0,2019,Zenit St. Petersburg,Slow,18,3,3.4437490636482835,8,1,1.2186354966834188
0,2019,Zenit St. Petersburg,Fast,15,6,3.639590478502214,15,2,2.0412403037771583
0,2019,Dinamo Moscow,Normal,192,12,15.76149806752801,185,15,15.619091467466205
0,2019,Dinamo Moscow,Standard,71,7,7.821051391772926,76,8,8.694978984072804
0,2019,Dinamo Moscow,Fast,23,1,3.3315478824079037,19,1,2.6065045055001974
0,2019,Dinamo Moscow,Slow,21,0,1.210393974557519,11,1,0.3723967019468546
0,2019,Lokomotiv Moscow,Normal,219,16,19.09712923504412,200,16,15.137836010660976
0,2019,Lokomotiv Moscow,Standard,88,11,13.331473954953253,62,6,6.560064391233027
0,2019,Lokomotiv Moscow,Fast,23,3,3.8614465091377497,18,3,2.5014784578233957
0,2019,Lokomotiv Moscow,Slow,8,2,1.135911487042904,11,0,0.38245837204158306
0,2019,Krylya Sovetov Samara,Normal,163,13,13.984104002825916,235,15,17.65664976881817
0,2019,Krylya Sovetov Samara,Standard,80,7,11.502401393838227,97,9,10.796577731147408
0,2019,Krylya Sovetov Samara,Fast,18,2,1.3493905616924167,18,5,3.1648172568529844
0,2019,Krylya Sovetov Samara,Slow,10,0,0.3196661900728941,21,0,0.4922013133764267
0,2019,FC Krasnodar,Normal,236,21,19.460052662994713,171,15,15.091295748017728
0,2019,FC Krasnodar,Standard,73,9,9.598833693191409,59,5,6.948278385680169
0,2019,FC Krasnodar,Slow,33,3,3.8094869684427977,17,2,1.5661921575665474
0,2019,FC Krasnodar,Fast,20,3,3.7310430854558945,18,0,1.6958285188302398
0,2019,Ural,Normal,199,14,14.23832972953096,261,26,26.69878634531051
0,2019,Ural,Standard,74,10,9.436460992321372,80,11,10.647796602919698
0,2019,Ural,Slow,15,1,0.7430316060781479,14,0,0.4882610896602273
0,2019,Ural,Fast,12,1,2.1171375513076782,17,4,2.549437688663602
0,2019,FC Orenburg,Normal,234,16,23.087110305204988,179,15,13.233898227103055
0,2019,FC Orenburg,Standard,76,8,7.445961008779705,78,13,10.333069540560246
0,2019,FC Orenburg,Slow,19,1,1.4140459019690752,27,2,1.7582435170188546
0,2019,FC Orenburg,Fast,13,1,1.047731263563037,26,6,3.323730720207095
0,2019,Arsenal Tula,Normal,201,17,15.524861912243068,191,14,18.567548136692494
0,2019,Arsenal Tula,Standard,71,4,5.93892151908949,78,10,10.694564659148455
0,2019,Arsenal Tula,Slow,19,2,1.5365827837958932,19,0,1.9089263705536723
0,2019,Arsenal Tula,Fast,12,2,1.2932511884719133,18,3,1.5671371323987842
0,2019,PFC Sochi,Normal,199,16,16.29471131740138,220,18,19.746578712016344
0,2019,PFC Sochi,Standard,68,7,8.230832655914128,87,6,8.891840239055455
0,2019,PFC Sochi,Fast,23,2,2.217595048248768,17,1,2.301516627892852
0,2019,PFC Sochi,Slow,8,1,1.5641145436093211,30,3,4.202886018902063
0,2019,FC Tambov,Normal,137,14,10.888573102187365,222,14,18.254070970229805
0,2019,FC Tambov,Standard,68,7,6.567701010964811,105,9,8.803340997546911
0,2019,FC Tambov,Fast,31,5,2.721123782917857,13,2,1.9837482245638967
0,2019,FC Tambov,Slow,17,0,1.1943693226203322,24,2,0.6301465183496475
